teamname,barons,firstbaron,atakhans,gamelength,result,games,barons_per_game,atakhans_per_game
100 Thieves,29.0,22.0,19.0,2034.9,20,40,0.725,0.475
3BL Esports,1.0,1.0,1.0,1772.2857142857142,1,7,0.14285714285714285,0.14285714285714285
5M Esports,1.0,0.0,1.0,1937.0,1,2,0.5,0.5
A One Man Army,17.0,13.0,16.0,1932.5227272727273,19,44,0.38636363636363635,0.36363636363636365
A One Man Army Prime,0.0,0.0,0.0,1284.5,0,2,0.0,0.0
A One Man Army Prime Academy,0.0,0.0,0.0,1809.0,0,2,0.0,0.0
AKA HERO,3.0,2.0,3.0,2066.3333333333335,1,3,1.0,1.0
AVE Axolotl,24.0,15.0,21.0,1896.9811320754718,27,53,0.4528301886792453,0.39622641509433965
Actions Per Minute,16.0,14.0,19.0,1872.9333333333334,14,45,0.35555555555555557,0.4222222222222222
All for One Gaming,0.0,0.0,0.0,1536.0,0,2,0.0,0.0
Alpha7 Esports,6.0,5.0,5.0,2013.6666666666667,5,9,0.6666666666666666,0.5555555555555556
Andromeda Gaming,5.0,3.0,7.0,1796.0833333333333,6,12,0.4166666666666667,0.5833333333333334
Ankora Gaming,1.0,1.0,1.0,1923.0,1,5,0.2,0.2
Anubis Gaming,29.0,24.0,30.0,1935.4925373134329,33,67,0.43283582089552236,0.44776119402985076
Anyone's Legend,96.0,12.0,20.0,1961.3472222222222,93,144,0.6666666666666666,0.1388888888888889
Anyone's Legend.Young,2.0,2.0,5.0,1711.8181818181818,5,11,0.18181818181818182,0.45454545454545453
Apex Mission Impossible,8.0,5.0,6.0,2016.4615384615386,5,26,0.3076923076923077,0.23076923076923078
Apex Predator,4.0,3.0,4.0,1876.4,5,5,0.8,0.8
Aurora,8.0,7.0,11.0,1862.225,7,40,0.2,0.275
Austrian Force willhaben,34.0,24.0,28.0,1917.96875,27,64,0.53125,0.4375
BAAM Esports,43.0,31.0,39.0,1944.7012987012988,32,77,0.5584415584415584,0.5064935064935064
BBL Dark Passage,30.0,19.0,24.0,2080.6739130434785,20,46,0.6521739130434783,0.5217391304347826
BERZLOY,4.0,2.0,2.0,1947.0,3,4,1.0,0.5
BK ROG Esports,62.0,42.0,38.0,2099.3376623376626,46,77,0.8051948051948052,0.4935064935064935
BNK FEARX,33.0,30.0,27.0,1879.051282051282,32,78,0.4230769230769231,0.34615384615384615
BNK FEARX Academy,22.0,19.0,18.0,1759.0196078431372,20,51,0.43137254901960786,0.35294117647058826
BNK FEARX Youth,57.0,48.0,52.0,1890.4903846153845,56,104,0.5480769230769231,0.5
BRUTE,17.0,11.0,14.0,1874.3684210526317,9,38,0.4473684210526316,0.3684210526315789
BWE Esports,1.0,1.0,1.0,2044.6666666666667,1,3,0.3333333333333333,0.3333333333333333
Back2TheGame,36.0,29.0,30.0,1978.7540983606557,34,61,0.5901639344262295,0.4918032786885246
Bamboo Juice,7.0,7.0,10.0,1759.888888888889,9,18,0.3888888888888889,0.5555555555555556
Barcząca Esports,4.0,3.0,5.0,1998.5,3,6,0.6666666666666666,0.8333333333333334
Barça eSports,56.0,43.0,60.0,1926.61,54,100,0.56,0.6
BeFive,20.0,14.0,16.0,1761.4468085106382,20,47,0.425531914893617,0.3404255319148936
Berimbados,0.0,0.0,0.0,1436.5,0,2,0.0,0.0
Berlin International Gaming,51.0,41.0,56.0,1816.764705882353,61,85,0.6,0.6588235294117647
Beşiktaş Esports,20.0,15.0,16.0,2044.3720930232557,18,43,0.46511627906976744,0.37209302325581395
Bilibili Gaming,90.0,10.0,13.0,1943.6950354609928,90,141,0.6382978723404256,0.09219858156028368
Bilibili Gaming Junior,1.0,1.0,3.0,1962.5714285714287,2,7,0.14285714285714285,0.42857142857142855
Black Dog,0.0,0.0,3.0,1921.3,2,10,0.0,0.3
Black Lion,0.0,0.0,0.0,1647.5,0,2,0.0,0.0
BloomStorm,1.0,1.0,1.0,1680.6,0,10,0.1,0.1
Blue Otter,16.0,12.0,14.0,2050.181818181818,14,33,0.48484848484848486,0.42424242424242425
BoostGate Esports,45.0,36.0,39.0,1938.7714285714285,41,70,0.6428571428571429,0.5571428571428572
BraVeLY,13.0,13.0,16.0,1805.7857142857142,12,42,0.30952380952380953,0.38095238095238093
Broke,0.0,0.0,0.0,1503.0,0,2,0.0,0.0
Bulldog Esports,20.0,14.0,13.0,2001.1521739130435,21,46,0.43478260869565216,0.2826086956521739
Burning Core Toyama,17.0,12.0,27.0,1762.698113207547,28,53,0.32075471698113206,0.5094339622641509
Bushido Wildcats,26.0,18.0,25.0,2026.6,23,45,0.5777777777777777,0.5555555555555556
CCG Esports,21.0,15.0,13.0,2002.8918918918919,17,37,0.5675675675675675,0.35135135135135137
CGN Esports,28.0,19.0,23.0,1903.3,24,40,0.7,0.575
CITA Kaizen,15.0,10.0,15.0,1868.9583333333333,14,24,0.625,0.625
CORE 128,4.0,2.0,2.0,2085.285714285714,2,14,0.2857142857142857,0.14285714285714285
CTBC Flying Oyster,60.0,53.0,61.0,1901.178947368421,65,95,0.631578947368421,0.6421052631578947
CTBC Flying Oyster Academy,18.0,15.0,27.0,1851.7307692307693,22,52,0.34615384615384615,0.5192307692307693
Caldya Esport,10.0,6.0,6.0,2099.375,6,8,1.25,0.75
Chiefs Esports Club,13.0,9.0,9.0,1836.5714285714287,8,42,0.30952380952380953,0.21428571428571427
Citadel Gaming,12.0,10.0,10.0,1949.875,10,16,0.75,0.625
Clocks,16.0,10.0,24.0,1896.3333333333333,27,48,0.3333333333333333,0.5
Cloud9,41.0,34.0,28.0,1979.6666666666667,35,51,0.803921568627451,0.5490196078431373
Colossal Gaming,21.0,20.0,23.0,1808.8235294117646,23,34,0.6176470588235294,0.6764705882352942
Connect Arena Esports,0.0,0.0,3.0,1582.9375,0,16,0.0,0.1875
Contrata Logo Meu Time,5.0,5.0,6.0,1863.0,7,14,0.35714285714285715,0.42857142857142855
Conviction,34.0,23.0,22.0,2010.5111111111112,28,45,0.7555555555555555,0.4888888888888889
Corinthians Esports,22.0,14.0,21.0,2035.1304347826087,21,46,0.4782608695652174,0.45652173913043476
Crusaders,4.0,3.0,4.0,1690.875,4,8,0.5,0.5
Crvena zvezda Esports,36.0,29.0,50.0,1846.2941176470588,45,68,0.5294117647058824,0.7352941176470589
Cupid Esports,1.0,1.0,1.0,1957.0,0,4,0.25,0.25
DCT eSports,4.0,3.0,4.0,2067.9,4,10,0.4,0.4
DKB XPERION NXT,5.0,4.0,2.0,1936.5,3,6,0.8333333333333334,0.3333333333333333
DMG Esports,15.0,14.0,13.0,1817.25,15,40,0.375,0.325
DN Freecs,25.0,18.0,37.0,1971.576923076923,18,78,0.32051282051282054,0.47435897435897434
DN Freecs Academy,30.0,25.0,32.0,1886.4375,32,64,0.46875,0.5
DN Freecs Challengers,44.0,32.0,47.0,1930.2247191011236,48,89,0.4943820224719101,0.5280898876404494
DOCISK,10.0,8.0,8.0,1962.1153846153845,8,26,0.38461538461538464,0.3076923076923077
DRX,45.0,33.0,36.0,1984.2674418604652,33,86,0.5232558139534884,0.4186046511627907
DRX Academy,7.0,5.0,8.0,1731.22,4,50,0.14,0.16
DRX Challengers,58.0,47.0,56.0,2024.1444444444444,54,90,0.6444444444444445,0.6222222222222222
Dark Roses,2.0,2.0,1.0,1772.0,2,6,0.3333333333333333,0.16666666666666666
DarkZero Dragonsteel,23.0,19.0,24.0,1991.5777777777778,29,45,0.5111111111111111,0.5333333333333333
Deep Cross Gaming,39.0,37.0,58.0,1740.9058823529413,63,85,0.4588235294117647,0.6823529411764706
Delta Syndicate,20.0,16.0,17.0,1914.7209302325582,14,43,0.46511627906976744,0.3953488372093023
Deltan Gaming,17.0,15.0,21.0,1721.162162162162,24,37,0.4594594594594595,0.5675675675675675
DetonatioN FocusMe,11.0,10.0,14.0,1931.975,9,40,0.275,0.35
DetonatioN FocusMe Academy,13.0,12.0,19.0,1734.9772727272727,23,44,0.29545454545454547,0.4318181818181818
Dignitas,12.0,7.0,12.0,2078.2,9,35,0.34285714285714286,0.34285714285714286
Disguised,7.0,6.0,11.0,1973.9642857142858,5,28,0.25,0.39285714285714285
Diver (Portuguese Team),3.0,2.0,1.0,2367.0,2,2,1.5,0.5
Divernex,21.0,18.0,20.0,1905.9736842105262,18,38,0.5526315789473685,0.5263157894736842
Diversion Gaming,36.0,30.0,30.0,1855.2456140350878,37,57,0.631578947368421,0.5263157894736842
Dopamina E-Sport,23.0,14.0,19.0,1931.5757575757575,19,33,0.696969696969697,0.5757575757575758
Dorado Gaming,8.0,7.0,12.0,1864.0,10,17,0.47058823529411764,0.7058823529411765
Dplus KIA,47.0,41.0,42.0,1966.468085106383,51,94,0.5,0.44680851063829785
Dplus KIA Challengers,38.0,28.0,29.0,1971.057471264368,31,87,0.4367816091954023,0.3333333333333333
Dplus KIA Youth,25.0,21.0,29.0,1817.4516129032259,31,62,0.4032258064516129,0.46774193548387094
Dragons Esports,25.0,17.0,17.0,1953.5526315789473,20,38,0.6578947368421053,0.4473684210526316
Dream Makers,8.0,5.0,6.0,1979.125,6,16,0.5,0.375
Dream in 24,15.0,14.0,27.0,1710.525,29,40,0.375,0.675
Dung Dynasty,17.0,12.0,8.0,2046.923076923077,15,26,0.6538461538461539,0.3076923076923077
Dynamo Eclot,20.0,13.0,12.0,2005.4285714285713,14,35,0.5714285714285714,0.34285714285714286
Dynamo Eclot Talents,12.0,10.0,10.0,1877.9655172413793,11,29,0.41379310344827586,0.3448275862068966
E WIE EINFACH E-SPORTS,36.0,27.0,35.0,1972.4358974358975,38,78,0.46153846153846156,0.44871794871794873
EDG Youth Team,5.0,5.0,6.0,1773.8181818181818,5,11,0.45454545454545453,0.5454545454545454
EDward Gaming,25.0,0.0,0.0,2013.32,27,50,0.5,0.0
EKO Esports,18.0,14.0,12.0,1866.4324324324325,10,37,0.4864864864864865,0.32432432432432434
EXILE esports,12.0,7.0,10.0,1906.142857142857,8,35,0.34285714285714286,0.2857142857142857
Eintracht Frankfurt,41.0,25.0,24.0,2027.1509433962265,23,53,0.7735849056603774,0.4528301886792453
Eintracht Spandau,25.0,22.0,19.0,2017.840909090909,14,44,0.5681818181818182,0.4318181818181818
Entropiq,41.0,35.0,39.0,1887.1044776119404,39,67,0.6119402985074627,0.582089552238806
Esprit Shōnen,41.0,31.0,36.0,1948.245283018868,36,53,0.7735849056603774,0.6792452830188679
Estral Esports,5.0,3.0,5.0,1810.857142857143,7,7,0.7142857142857143,0.7142857142857143
Eternal Fire,28.0,17.0,18.0,2064.3055555555557,19,36,0.7777777777777778,0.5
Ethereal Enigmas,24.0,20.0,15.0,1923.3725490196077,21,51,0.47058823529411764,0.29411764705882354
Evolve eSports,0.0,0.0,0.0,1806.5,0,2,0.0,0.0
FN Esports,13.0,10.0,13.0,1959.2777777777778,11,18,0.7222222222222222,0.7222222222222222
FURIA,39.0,29.0,36.0,1965.377049180328,35,61,0.639344262295082,0.5901639344262295
FUSION (Latin American Team),6.0,4.0,6.0,1861.3333333333333,6,9,0.6666666666666666,0.6666666666666666
Falke Esports,30.0,25.0,25.0,1968.7674418604652,26,43,0.6976744186046512,0.5813953488372093
Fantastic Esports,3.0,3.0,2.0,1854.1666666666667,3,6,0.5,0.3333333333333333
Farenvehn,28.0,24.0,28.0,1975.452380952381,28,42,0.6666666666666666,0.6666666666666666
FlameHard,22.0,18.0,26.0,1879.1315789473683,28,38,0.5789473684210527,0.6842105263157895
Flamengo MDL,24.0,17.0,19.0,2060.102564102564,18,39,0.6153846153846154,0.48717948717948717
Fluxo W7M,6.0,4.0,6.0,1942.4444444444443,4,27,0.2222222222222222,0.2222222222222222
FlyQuest,47.0,34.0,41.0,2000.676923076923,46,65,0.7230769230769231,0.6307692307692307
Fnatic,46.0,33.0,41.0,1969.28125,42,64,0.71875,0.640625
Fog Esports,27.0,20.0,28.0,1882.1206896551723,25,58,0.46551724137931033,0.4827586206896552
Footprint Gaming,1.0,1.0,1.0,1574.3333333333333,1,3,0.3333333333333333,0.3333333333333333
For The Win Esports,14.0,12.0,11.0,1835.576923076923,12,26,0.5384615384615384,0.4230769230769231
Forsaken,39.0,29.0,34.0,1980.6166666666666,33,60,0.65,0.5666666666666667
Fox Gaming,36.0,25.0,21.0,1991.2363636363636,24,55,0.6545454545454545,0.38181818181818183
Fractious eSports,7.0,4.0,5.0,1973.4166666666667,3,12,0.5833333333333334,0.4166666666666667
Frank Esports,41.0,36.0,44.0,1816.0481927710844,52,83,0.4939759036144578,0.5301204819277109
Fuego,33.0,18.0,20.0,2096.525,26,40,0.825,0.5
Fukuoka SoftBank HAWKS gaming,19.0,14.0,17.0,1883.9565217391305,14,46,0.41304347826086957,0.3695652173913043
FunPlus Phoenix,36.0,0.0,0.0,1953.909090909091,34,99,0.36363636363636365,0.0
G2 Esports,53.0,39.0,45.0,1972.9767441860465,47,86,0.6162790697674418,0.5232558139534884
G2 Hel,22.0,17.0,20.0,2029.774193548387,16,31,0.7096774193548387,0.6451612903225806
GAM Esports,40.0,35.0,40.0,1970.012048192771,42,83,0.4819277108433735,0.4819277108433735
GIANTX Pride,50.0,36.0,38.0,1962.0,44,64,0.78125,0.59375
GLORE,17.0,13.0,24.0,1824.86,16,50,0.34,0.48
GMBLERS Esports,24.0,19.0,22.0,1887.625,25,48,0.5,0.4583333333333333
GOAL,10.0,8.0,13.0,1839.04,14,25,0.4,0.52
GTZ Esports,14.0,11.0,9.0,1925.8846153846155,13,26,0.5384615384615384,0.34615384615384615
Galions,39.0,31.0,32.0,1988.6851851851852,35,54,0.7222222222222222,0.5925925925925926
GameWard,15.0,9.0,12.0,1991.5384615384614,11,39,0.38461538461538464,0.3076923076923077
Gamespace Mediterranean College Esports,40.0,33.0,31.0,1912.1904761904761,39,63,0.6349206349206349,0.49206349206349204
Gaming Barcelona,6.0,5.0,5.0,1896.1666666666667,3,18,0.3333333333333333,0.2777777777777778
Geekay Esports,49.0,41.0,44.0,1792.657894736842,64,76,0.6447368421052632,0.5789473684210527
Gen.G,78.0,61.0,78.0,1901.3916666666667,88,120,0.65,0.65
Gen.G Global Academy,40.0,33.0,41.0,1918.6631578947367,41,95,0.42105263157894735,0.43157894736842106
Gen.G Scholars,29.0,23.0,36.0,1773.4615384615386,38,65,0.4461538461538462,0.5538461538461539
GenZ Gaming,1.0,1.0,1.0,1935.0,0,7,0.14285714285714285,0.14285714285714285
GenZ Gaming (2025 Vietnamese Team),4.0,3.0,4.0,1858.5714285714287,4,7,0.5714285714285714,0.5714285714285714
Gentle Mates,41.0,28.0,36.0,2111.073529411765,34,68,0.6029411764705882,0.5294117647058824
Geração Estrutura,0.0,0.0,1.0,1723.5,0,4,0.0,0.25
GiantX,35.0,24.0,19.0,2028.9795918367347,22,49,0.7142857142857143,0.3877551020408163
GnG Amazigh,42.0,36.0,32.0,1892.4520547945206,36,73,0.5753424657534246,0.4383561643835616
Golden Lions,12.0,8.0,8.0,2034.0588235294117,9,17,0.7058823529411765,0.47058823529411764
Green Dolphin Gaming,12.0,8.0,7.0,1994.7619047619048,9,21,0.5714285714285714,0.3333333333333333
Ground Zero Gaming,24.0,17.0,23.0,1834.7368421052631,16,57,0.42105263157894735,0.40350877192982454
Grow uP eSports,2.0,2.0,2.0,1587.5,2,4,0.5,0.5
Guasones,5.0,3.0,1.0,1796.5185185185185,2,27,0.18518518518518517,0.037037037037037035
Guinea Pink,20.0,15.0,16.0,1980.1515151515152,15,33,0.6060606060606061,0.48484848484848486
Gwenchana,0.0,0.0,3.0,1757.2,5,10,0.0,0.3
HELL PIGS,11.0,10.0,13.0,1724.5283018867924,12,53,0.20754716981132076,0.24528301886792453
HST,1.0,1.0,1.0,1850.5,0,4,0.25,0.25
HUTECH CHICKEN,0.0,0.0,1.0,1846.4,1,5,0.0,0.2
Hands,4.0,2.0,2.0,1619.0357142857142,4,28,0.14285714285714285,0.07142857142857142
Hanoi Rookies Esports,3.0,3.0,5.0,1771.25,4,12,0.25,0.4166666666666667
Hanwha Life Esports,77.0,65.0,71.0,1931.8655462184875,79,119,0.6470588235294118,0.5966386554621849
Hanwha Life Esports Academy,47.0,35.0,39.0,1865.8266666666666,46,75,0.6266666666666667,0.52
Hanwha Life Esports Challengers,47.0,39.0,45.0,1965.314606741573,41,89,0.5280898876404494,0.5056179775280899
Howl Esports,3.0,3.0,4.0,1708.4285714285713,3,7,0.42857142857142855,0.5714285714285714
Human Apex Predator,2.0,2.0,1.0,1699.5,2,4,0.5,0.25
Hungkuang Falcon (弘光獵鷹),1.0,0.0,3.0,1654.5555555555557,1,18,0.05555555555555555,0.16666666666666666
Hurricane of Feathers,3.0,2.0,4.0,1977.0,3,13,0.23076923076923078,0.3076923076923077
Hyper Vortex Esports,11.0,9.0,8.0,2005.5,11,14,0.7857142857142857,0.5714285714285714
Ici Japon Corp. Esport,42.0,30.0,37.0,1991.357142857143,36,70,0.6,0.5285714285714286
Icon Esports,8.0,5.0,4.0,1861.0714285714287,6,14,0.5714285714285714,0.2857142857142857
Icon Esports (Mexican Team),2.0,1.0,1.0,1968.6666666666667,1,3,0.6666666666666666,0.3333333333333333
Inside Games,1.0,1.0,2.0,1464.6666666666667,2,6,0.16666666666666666,0.3333333333333333
Invictus Gaming,75.0,0.0,0.0,2025.7570093457944,63,107,0.7009345794392523,0.0
Isurus,3.0,3.0,4.0,1747.5,3,8,0.375,0.5
Isurus Estral,16.0,10.0,19.0,1961.4736842105262,19,38,0.42105263157894735,0.5
IziDream,32.0,25.0,27.0,1952.5869565217392,26,46,0.6956521739130435,0.5869565217391305
JD Gaming,56.0,0.0,0.0,1951.5794392523364,60,107,0.5233644859813084,0.0
JY Gaming,1.0,1.0,0.0,1936.5,0,2,0.5,0.0
Joblife,24.0,18.0,19.0,2035.3720930232557,16,43,0.5581395348837209,0.4418604651162791
Jolly Rogers,6.0,5.0,7.0,1973.090909090909,6,11,0.5454545454545454,0.6363636363636364
Jörmungang,19.0,16.0,20.0,1915.0263157894738,17,38,0.5,0.5263157894736842
KAOS e-sport,10.0,8.0,12.0,1823.1470588235295,9,34,0.29411764705882354,0.35294117647058826
KIA.eSuba Academy,41.0,32.0,34.0,1903.8235294117646,41,68,0.6029411764705882,0.5
KT Rolster,45.0,38.0,49.0,1912.3666666666666,43,90,0.5,0.5444444444444444
KT Rolster Academy,37.0,33.0,43.0,1849.5675675675675,47,74,0.5,0.581081081081081
KT Rolster Challengers,51.0,40.0,63.0,1897.90625,70,96,0.53125,0.65625
KaBuM! Ilha das Lendas,22.0,18.0,17.0,1956.2368421052631,18,38,0.5789473684210527,0.4473684210526316
Kareha Children,13.0,11.0,19.0,1944.0,17,43,0.3023255813953488,0.4418604651162791
Karmine Corp,62.0,50.0,48.0,1978.5483870967741,58,93,0.6666666666666666,0.5161290322580645
Karmine Corp Blue,72.0,51.0,59.0,1971.6162790697674,56,86,0.8372093023255814,0.686046511627907
Karmine Corp Blue Stars,14.0,11.0,16.0,1948.0833333333333,14,36,0.3888888888888889,0.4444444444444444
Kaufland Hangry Knights,37.0,32.0,35.0,1900.4933333333333,38,75,0.49333333333333335,0.4666666666666667
Kawaii Kiwis,21.0,18.0,13.0,2106.9142857142856,19,35,0.6,0.37142857142857144
Keypulse Esports,7.0,6.0,9.0,1936.3076923076924,6,13,0.5384615384615384,0.6923076923076923
Kiedyś Miałem Fun,17.0,13.0,16.0,1968.8846153846155,18,26,0.6538461538461539,0.6153846153846154
KrabbelGruppeAlpha,0.0,0.0,0.0,1636.5,0,2,0.0,0.0
Kyo eSports,3.0,3.0,4.0,1827.4285714285713,3,7,0.42857142857142855,0.5714285714285714
LGD Gaming,24.0,0.0,0.0,1952.3461538461538,21,52,0.46153846153846156,0.0
LGD Gaming Young Team,5.0,4.0,7.0,1883.7777777777778,6,9,0.5555555555555556,0.7777777777777778
LNG Academy,5.0,5.0,5.0,1676.6,7,10,0.5,0.5
LNG Esports,15.0,0.0,0.0,1968.0681818181818,13,44,0.3409090909090909,0.0
LODIS,18.0,11.0,13.0,2112.5625,7,32,0.5625,0.40625
LOUD,27.0,21.0,22.0,2015.7608695652175,22,46,0.5869565217391305,0.4782608695652174
LUA Gaming,24.0,19.0,26.0,1945.1818181818182,20,44,0.5454545454545454,0.5909090909090909
LYON,11.0,10.0,12.0,2001.1379310344828,10,29,0.3793103448275862,0.41379310344827586
LYON Academy,20.0,11.0,13.0,1998.96,9,25,0.8,0.52
Lechuga Gaming,8.0,5.0,10.0,1843.6666666666667,8,12,0.6666666666666666,0.8333333333333334
Lenovo Legion Honvéd,6.0,5.0,3.0,1893.2142857142858,7,14,0.42857142857142855,0.21428571428571427
Leviatan,14.0,11.0,6.0,1968.774193548387,11,31,0.45161290322580644,0.1935483870967742
Leões Porto Salvo Esports,3.0,2.0,4.0,1910.0,3,7,0.42857142857142855,0.5714285714285714
Ligre Gaming,1.0,1.0,1.0,1649.0,1,5,0.2,0.2
Lille Esport,18.0,13.0,14.0,1928.4,13,35,0.5142857142857142,0.4
LittleSans,5.0,3.0,3.0,2130.4,2,5,1.0,0.6
Los Grandes,29.0,20.0,18.0,2047.4324324324325,21,37,0.7837837837837838,0.4864864864864865
Los Heretics,56.0,43.0,48.0,1911.3875,53,80,0.7,0.6
Los Ratones,62.0,50.0,56.0,1893.0243902439024,69,82,0.7560975609756098,0.6829268292682927
Luminosity Gaming,34.0,28.0,31.0,1977.4285714285713,33,42,0.8095238095238095,0.7380952380952381
Lundqvist Lightside,13.0,10.0,14.0,1849.0285714285715,13,35,0.37142857142857144,0.4
Lupus Esports,5.0,5.0,5.0,1717.32,4,25,0.2,0.2
MGN Vikings Academy,15.0,11.0,13.0,1889.1304347826087,12,23,0.6521739130434783,0.5652173913043478
MGN Vikings Esports,39.0,28.0,33.0,1957.0,38,63,0.6190476190476191,0.5238095238095238
MY STAR,16.0,10.0,13.0,1942.1764705882354,13,34,0.47058823529411764,0.38235294117647056
Macko Esports,12.0,11.0,10.0,1862.578947368421,15,19,0.631578947368421,0.5263157894736842
Magaza Esports,2.0,1.0,6.0,1827.0833333333333,4,12,0.16666666666666666,0.5
Malvinas Gaming,10.0,9.0,10.0,1959.55,9,20,0.5,0.5
Maze Gaming,19.0,15.0,12.0,1933.0,21,36,0.5277777777777778,0.3333333333333333
Meavedron,34.0,27.0,41.0,1861.9305555555557,41,72,0.4722222222222222,0.5694444444444444
Melilla Titans,0.0,0.0,0.0,1882.5,0,2,0.0,0.0
Mental Over Tempo,4.0,4.0,5.0,1795.0,5,10,0.4,0.5
Metin2 Enjoyers,0.0,0.0,0.0,1539.5,0,2,0.0,0.0
Mighty Eagles,2.0,2.0,5.0,2050.75,3,8,0.25,0.625
Mila Gaming,8.0,7.0,8.0,1790.625,8,16,0.5,0.5
Misa Esports,41.0,38.0,46.0,1898.4264705882354,44,68,0.6029411764705882,0.6764705882352942
Monta Club,21.0,12.0,11.0,2125.6470588235293,12,34,0.6176470588235294,0.3235294117647059
Movistar KOI,49.0,41.0,39.0,2008.1772151898733,43,79,0.620253164556962,0.4936708860759494
Movistar KOI Fénix,25.0,21.0,20.0,1997.2093023255813,21,43,0.5813953488372093,0.46511627906976744
Myth Esports,18.0,14.0,22.0,1876.1521739130435,21,46,0.391304347826087,0.4782608695652174
Münster Esports - Golden Goats,0.0,0.0,0.0,1360.5,0,2,0.0,0.0
NGU eSports,1.0,1.0,1.0,1868.3333333333333,3,3,0.3333333333333333,0.3333333333333333
NORD Esports,32.0,22.0,29.0,1918.4285714285713,35,56,0.5714285714285714,0.5178571428571429
NORTHS FURY,1.0,1.0,1.0,1497.8,1,5,0.2,0.2
Natus Vincere,0.0,0.0,1.0,1615.5,0,2,0.0,0.5
Near Airport,26.0,21.0,25.0,2036.7105263157894,24,38,0.6842105263157895,0.6578947368421053
Never Give Up,11.0,10.0,11.0,1890.076923076923,9,26,0.4230769230769231,0.4230769230769231
Nice Try,4.0,4.0,5.0,1795.3333333333333,4,9,0.4444444444444444,0.5555555555555556
Night Cap,6.0,5.0,5.0,2078.5833333333335,5,12,0.5,0.4166666666666667
Nightbirds,46.0,34.0,35.0,1899.8939393939395,50,66,0.696969696969697,0.5303030303030303
Nigma Galaxy,5.0,3.0,13.0,1836.8620689655172,6,29,0.1724137931034483,0.4482758620689655
Ninjas in Pyjamas,64.0,0.0,0.0,1975.40625,47,96,0.6666666666666666,0.0
No Barry Berry,0.0,0.0,4.0,1989.8,2,5,0.0,0.8
Nocturne Gale,30.0,25.0,26.0,1954.361111111111,30,36,0.8333333333333334,0.7222222222222222
Nongshim Esports Academy,44.0,36.0,46.0,1954.4470588235295,39,85,0.5176470588235295,0.5411764705882353
Nongshim RedForce,59.0,45.0,47.0,1879.5104166666667,41,96,0.6145833333333334,0.4895833333333333
Nongshim RedForce Academy,17.0,12.0,14.0,1792.2830188679245,15,53,0.32075471698113206,0.2641509433962264
ODD Esports,12.0,8.0,10.0,1889.3636363636363,9,33,0.36363636363636365,0.30303030303030304
OKSavingsBank BRION,27.0,20.0,26.0,1960.746835443038,30,79,0.34177215189873417,0.3291139240506329
OKSavingsBank BRION Challengers,45.0,31.0,29.0,1942.3793103448277,33,87,0.5172413793103449,0.3333333333333333
Odivelas Sports Club,15.0,11.0,15.0,1896.142857142857,16,28,0.5357142857142857,0.5357142857142857
Oh My God,15.0,0.0,0.0,1935.6875,10,32,0.46875,0.0
Oh My God Academy,1.0,1.0,5.0,1660.857142857143,5,7,0.14285714285714285,0.7142857142857143
Once Upon A Team,16.0,15.0,12.0,1928.1842105263158,18,38,0.42105263157894735,0.3157894736842105
One More Esports,34.0,23.0,29.0,1920.6153846153845,26,65,0.5230769230769231,0.4461538461538462
Orbit Anonymo Esports,19.0,14.0,14.0,1975.063829787234,14,47,0.40425531914893614,0.2978723404255319
Orzeł Barcząca Esports,2.0,1.0,2.0,1831.0,1,5,0.4,0.4
Otter Side,2.0,2.0,2.0,1672.0,2,2,1.0,1.0
Oxygen Gaming,29.0,17.0,22.0,2111.4634146341464,26,41,0.7073170731707317,0.5365853658536586
PRINCIPALITY,5.0,4.0,2.0,1947.2,2,10,0.5,0.2
PSG Talon,46.0,36.0,40.0,1951.2112676056338,38,71,0.647887323943662,0.5633802816901409
PSG Talon Academy,26.0,22.0,21.0,1851.9818181818182,28,55,0.4727272727272727,0.38181818181818183
PaiDA Miwan Bao,0.0,0.0,1.0,1737.0,0,1,0.0,1.0
Papara SuperMassive,37.0,30.0,37.0,1987.7833333333333,31,60,0.6166666666666667,0.6166666666666667
Papo Secos,1.0,1.0,1.0,1744.0,1,2,0.5,0.5
Paputs Gaming,0.0,0.0,0.0,1569.2,0,5,0.0,0.0
Partizan Esports,8.0,5.0,8.0,1944.2222222222222,5,9,0.8888888888888888,0.8888888888888888
Partizan Sangal,23.0,18.0,21.0,1825.5681818181818,29,44,0.5227272727272727,0.4772727272727273
Permitta eSports,1.0,1.0,1.0,1834.2,2,5,0.2,0.2
Priority,5.0,3.0,4.0,1995.0,3,11,0.45454545454545453,0.36363636363636365
Project Conquerors,41.0,31.0,29.0,1996.1525423728813,36,59,0.6949152542372882,0.4915254237288136
Pulse Star,11.0,9.0,10.0,1812.71875,8,32,0.34375,0.3125
PÊEK Gaming,14.0,11.0,12.0,2133.086956521739,10,23,0.6086956521739131,0.5217391304347826
QT DIG∞,22.0,19.0,30.0,1726.622641509434,35,53,0.41509433962264153,0.5660377358490566
RATZ,18.0,12.0,15.0,2092.137931034483,10,29,0.6206896551724138,0.5172413793103449
RED Academy,28.0,21.0,23.0,1926.2432432432433,30,37,0.7567567567567568,0.6216216216216216
RED Canids,20.0,16.0,21.0,2026.638888888889,19,36,0.5555555555555556,0.5833333333333334
REDPack Esports,1.0,1.0,1.0,1539.2,1,5,0.2,0.2
REJECT,38.0,32.0,41.0,1746.5892857142858,46,56,0.6785714285714286,0.7321428571428571
ROSSMANN Centaurs,39.0,31.0,36.0,1955.5584415584415,40,77,0.5064935064935064,0.4675324675324675
Radical Pop Gaming,3.0,1.0,3.0,1695.5,2,22,0.13636363636363635,0.13636363636363635
Rage Bait e-Sports,2.0,1.0,1.0,2133.5,1,2,1.0,0.5
Ramboot Club,19.0,16.0,17.0,1945.5454545454545,21,44,0.4318181818181818,0.38636363636363635
Rich Gang,15.0,13.0,17.0,1882.6,16,30,0.5,0.5666666666666667
Rise Gaming,14.0,12.0,14.0,2081.3225806451615,7,31,0.45161290322580644,0.45161290322580644
Rogue,16.0,9.0,9.0,2108.3793103448274,6,29,0.5517241379310345,0.3103448275862069
Royal Never Give Up,11.0,0.0,0.0,2021.3548387096773,10,31,0.3548387096774194,0.0
Ruddy Esports,13.0,11.0,18.0,1874.2820512820513,16,39,0.3333333333333333,0.46153846153846156
SDM Tigres,10.0,8.0,12.0,1841.375,12,24,0.4166666666666667,0.5
SINS Esports,5.0,5.0,5.0,1919.625,6,8,0.625,0.625
SK Gaming,7.0,5.0,10.0,1895.90625,6,32,0.21875,0.3125
SK Gaming Avarosa,0.0,0.0,0.0,1497.5,0,2,0.0,0.0
SN CyberCore Esports,11.0,10.0,11.0,1816.7857142857142,11,28,0.39285714285714285,0.39285714285714285
SPIKE Syndicate,32.0,26.0,29.0,1925.24,29,50,0.64,0.58
Saigon Dino,32.0,25.0,29.0,1959.0425531914893,32,47,0.6808510638297872,0.6170212765957447
Saigon Secret,15.0,14.0,17.0,1846.1351351351352,17,37,0.40540540540540543,0.4594594594594595
Senshi eSports,31.0,17.0,16.0,1992.3333333333333,18,39,0.7948717948717948,0.41025641025641024
Seven Dark,8.0,7.0,4.0,1865.7142857142858,6,21,0.38095238095238093,0.19047619047619047
Shopify Rebellion,25.0,18.0,21.0,2129.782608695652,20,46,0.5434782608695652,0.45652173913043476
Sicar Esports,19.0,12.0,16.0,2015.12,16,25,0.76,0.64
Silent Storm Esports,3.0,3.0,2.0,1715.8,3,10,0.3,0.2
Skillcamp,8.0,7.0,4.0,1864.25,6,36,0.2222222222222222,0.1111111111111111
Solary,30.0,21.0,24.0,2135.0377358490564,28,53,0.5660377358490566,0.4528301886792453
Soul's Heart Esport,1.0,1.0,2.0,1728.8,2,5,0.2,0.4
Spirit Quartz Gaming,22.0,17.0,14.0,2004.264705882353,17,34,0.6470588235294118,0.4117647058823529
Sponge Gaming,4.0,4.0,4.0,1883.1,4,10,0.4,0.4
Sportia Khore,1.0,1.0,0.0,1960.5,0,2,0.5,0.0
Stellae Gaming,33.0,21.0,19.0,1912.1739130434783,26,46,0.717391304347826,0.41304347826086957
StormMedia Fajnie Mieć Skład,27.0,21.0,25.0,1926.7755102040817,30,49,0.5510204081632653,0.5102040816326531
Str1ve eSports,0.0,0.0,0.0,1576.5,0,2,0.0,0.0
Supernova,15.0,10.0,16.0,1901.030303030303,14,33,0.45454545454545453,0.48484848484848486
T1,76.0,68.0,70.0,1911.6239316239316,76,117,0.6495726495726496,0.5982905982905983
T1 Esports Academy,68.0,57.0,52.0,1936.7757009345794,63,107,0.6355140186915887,0.48598130841121495
T1 Esports Academy Rookies,40.0,35.0,46.0,1839.8181818181818,47,66,0.6060606060606061,0.696969696969697
Tan'i eSports CZ,20.0,16.0,21.0,1960.7916666666667,23,48,0.4166666666666667,0.4375
Team BDS,30.0,19.0,20.0,2127.7619047619046,17,42,0.7142857142857143,0.47619047619047616
Team BDS Academy,10.0,7.0,8.0,1943.4137931034484,6,29,0.3448275862068966,0.27586206896551724
Team Blaze 1,0.0,0.0,0.0,1435.5,0,2,0.0,0.0
Team Evermeet,6.0,5.0,10.0,1911.0,5,22,0.2727272727272727,0.45454545454545453
Team Flash,23.0,19.0,23.0,1923.225,22,40,0.575,0.575
Team Heretics,16.0,10.0,11.0,1983.9318181818182,16,44,0.36363636363636365,0.25
Team High Ground,2.0,1.0,1.0,2008.0,1,2,1.0,0.5
Team Insidious,23.0,19.0,27.0,1906.2291666666667,21,48,0.4791666666666667,0.5625
Team Liquid,38.0,32.0,34.0,1965.5333333333333,32,60,0.6333333333333333,0.5666666666666667
Team Meliora,0.0,0.0,2.0,1731.6666666666667,0,6,0.0,0.3333333333333333
Team Mentality,2.0,1.0,0.0,1837.6,2,5,0.4,0.0
Team Paradox,15.0,11.0,15.0,1933.157894736842,16,38,0.39473684210526316,0.39473684210526316
Team Phantasma,58.0,46.0,41.0,1918.6296296296296,57,81,0.7160493827160493,0.5061728395061729
Team Refuse,8.0,5.0,6.0,1898.7222222222222,3,18,0.4444444444444444,0.3333333333333333
Team Revolta,0.0,0.0,0.0,1743.0,0,1,0.0,0.0
Team Secret Whales,17.0,13.0,25.0,1951.7391304347825,27,46,0.3695652173913043,0.5434782608695652
Team Tockers,1.0,1.0,1.0,1743.0,1,1,1.0,1.0
Team UNiTY,31.0,24.0,26.0,1943.16,23,50,0.62,0.52
Team Valiant,30.0,20.0,32.0,1874.108695652174,30,46,0.6521739130434783,0.6956521739130435
Team Vitality,18.0,16.0,22.0,2052.0810810810813,15,37,0.4864864864864865,0.5945945945945946
Team WE,59.0,0.0,0.0,1921.9913793103449,47,116,0.5086206896551724,0.0
Team WE Academy,6.0,6.0,5.0,2131.4285714285716,5,7,0.8571428571428571,0.7142857142857143
TeamOrangeGaming,32.0,26.0,40.0,1844.967741935484,34,62,0.5161290322580645,0.6451612903225806
TeamOrangeGaming Academy,2.0,2.0,4.0,1770.0,4,7,0.2857142857142857,0.5714285714285714
Temper &amp; Friends,0.0,0.0,3.0,1868.3333333333333,3,3,0.0,1.0
The Forbidden Five,0.0,0.0,0.0,1821.4444444444443,0,9,0.0,0.0
The Secret Club,3.0,3.0,6.0,1743.4705882352941,6,17,0.17647058823529413,0.35294117647058826
ThunderTalk Gaming,35.0,0.0,0.0,1876.8191489361702,34,94,0.3723404255319149,0.0
ThunderTalk Gaming Young,1.0,1.0,3.0,1713.5714285714287,2,7,0.14285714285714285,0.42857142857142855
Tigers eSports,1.0,1.0,1.0,1849.1666666666667,1,6,0.16666666666666666,0.16666666666666666
Top Esports,75.0,1.0,4.0,1947.40625,82,128,0.5859375,0.03125
Top Esports Challenger,3.0,3.0,3.0,1664.875,5,8,0.375,0.375
UCAM Esports,21.0,14.0,20.0,1961.3181818181818,21,44,0.4772727272727273,0.45454545454545453
ULF Esports,34.0,30.0,22.0,1903.983870967742,29,62,0.5483870967741935,0.3548387096774194
Ultra Prime,34.0,0.0,0.0,1964.4193548387098,24,62,0.5483870967741935,0.0
Underworld Esports,12.0,8.0,5.0,1934.8125,7,16,0.75,0.3125
Unicorns of Love Sexy Edition,40.0,26.0,28.0,1969.6825396825398,32,63,0.6349206349206349,0.4444444444444444
Universae Instituto FP,11.0,10.0,17.0,1862.0625,16,32,0.34375,0.53125
V3 Esports,4.0,4.0,5.0,1794.423076923077,7,26,0.15384615384615385,0.19230769230769232
VARREL YOUTH,23.0,21.0,26.0,1857.7450980392157,30,51,0.45098039215686275,0.5098039215686274
VININE,2.0,0.0,1.0,2071.6666666666665,1,3,0.6666666666666666,0.3333333333333333
Vancouver Impact,3.0,1.0,1.0,1859.0,1,9,0.3333333333333333,0.1111111111111111
VeLocitY (Japanese Team),4.0,2.0,1.0,1884.6666666666667,0,9,0.4444444444444444,0.1111111111111111
VelbeliKaizokudan,11.0,10.0,7.0,1892.4736842105262,9,38,0.2894736842105263,0.18421052631578946
Veni Vidi Vici,27.0,23.0,27.0,1873.7755102040817,25,49,0.5510204081632653,0.5510204081632653
Venomcrest Esports,11.0,8.0,12.0,1885.774193548387,9,31,0.3548387096774194,0.3870967741935484
Venus Gaming,4.0,4.0,4.0,1824.6666666666667,4,6,0.6666666666666666,0.6666666666666666
Verdant,30.0,23.0,30.0,1959.0833333333333,28,48,0.625,0.625
VfB eSports,1.0,1.0,2.0,1893.0,1,3,0.3333333333333333,0.6666666666666666
Vitality.Bee,41.0,27.0,24.0,2094.327272727273,29,55,0.7454545454545455,0.43636363636363634
Vivo Keyd Stars,24.0,17.0,22.0,1960.1707317073171,21,41,0.5853658536585366,0.5365853658536586
Vivo Keyd Stars Academy,30.0,21.0,23.0,1940.2857142857142,27,42,0.7142857142857143,0.5476190476190477
Void Requiem,3.0,1.0,1.0,1668.6666666666667,1,3,1.0,0.3333333333333333
Vortex (Japanese Team),10.0,7.0,7.0,1885.4705882352941,6,17,0.5882352941176471,0.4117647058823529
WAP Esports,17.0,11.0,17.0,1974.84375,14,32,0.53125,0.53125
WLGaming Esports,16.0,12.0,16.0,1998.972972972973,16,37,0.43243243243243246,0.43243243243243246
We Can Win,7.0,5.0,6.0,1810.6363636363637,7,11,0.6363636363636364,0.5454545454545454
Weibo Gaming,53.0,0.0,0.0,1981.6915887850466,50,107,0.4953271028037383,0.0
Weibo Gaming Youth Team,4.0,4.0,7.0,1816.6363636363637,5,11,0.36363636363636365,0.6363636363636364
West Point Esports,45.0,32.0,33.0,1833.4074074074074,48,81,0.5555555555555556,0.4074074074074074
White Dragons,3.0,3.0,4.0,1654.857142857143,4,7,0.42857142857142855,0.5714285714285714
Winthrop University,25.0,16.0,22.0,2028.0,17,44,0.5681818181818182,0.5
XV eSports,2.0,2.0,4.0,1813.111111111111,4,9,0.2222222222222222,0.4444444444444444
Xibalbá Esports,1.0,1.0,1.0,1820.0,0,5,0.2,0.2
Yang Yang Gaming,33.0,25.0,31.0,1816.3214285714287,33,56,0.5892857142857143,0.5535714285714286
ZETA,3.0,2.0,5.0,1744.7777777777778,5,27,0.1111111111111111,0.18518518518518517
ZGDX Gaming,8.0,5.0,3.0,1926.9,4,10,0.8,0.3
Zena Esports,18.0,13.0,18.0,1867.7692307692307,17,39,0.46153846153846156,0.46153846153846156
ZennIT,39.0,34.0,30.0,1907.2923076923078,44,65,0.6,0.46153846153846156
Zerance,14.0,13.0,14.0,1901.439024390244,13,41,0.34146341463414637,0.34146341463414637
Zero Tenacity,45.0,35.0,44.0,1872.3417721518988,53,79,0.569620253164557,0.5569620253164557
ZeroZone Gaming,3.0,2.0,0.0,1951.909090909091,0,11,0.2727272727272727,0.0
Zerolag Esports,16.0,12.0,12.0,1852.5897435897436,13,39,0.41025641025641024,0.3076923076923077
Zeu5 Esports,14.0,14.0,16.0,1856.111111111111,21,36,0.3888888888888889,0.4444444444444444
aNc Legends,11.0,8.0,6.0,1907.8333333333333,6,24,0.4583333333333333,0.25
devils.one,6.0,4.0,5.0,2015.7333333333333,3,15,0.4,0.3333333333333333
e-Champ Gaming,4.0,3.0,4.0,2024.6666666666667,4,9,0.4444444444444444,0.4444444444444444
eQuizers,17.0,11.0,14.0,2110.705882352941,11,17,1.0,0.8235294117647058
eSports Cologne e.V.,0.0,0.0,1.0,1927.5,0,2,0.0,0.5
eSuba,39.0,34.0,28.0,1836.3287671232877,46,73,0.5342465753424658,0.3835616438356164
evil genius (RTV Team),2.0,2.0,3.0,1874.0,2,7,0.2857142857142857,0.42857142857142855
htp eSport Akademie Hannover,2.0,2.0,1.0,1651.25,2,4,0.5,0.25
inf,17.0,13.0,19.0,1963.0,19,29,0.5862068965517241,0.6551724137931034
mCon esports,37.0,29.0,35.0,1907.625,36,56,0.6607142857142857,0.625
paiN Gaming,37.0,28.0,22.0,2061.5,29,48,0.7708333333333334,0.4583333333333333
regnum4games,3.0,2.0,2.0,2101.3333333333335,1,3,1.0,0.6666666666666666
wangting,26.0,18.0,25.0,1796.655172413793,27,58,0.4482758620689655,0.43103448275862066
ΣΤΕΝΑΧΩΡΕΜΕΝΟΙ,1.0,1.0,1.0,1917.5,1,4,0.25,0.25
