playername,score,kills,deaths,assists,damagetochampions
Shanks,6292.002,748,525,1608,3936002
Hope,5540.512,834,298,1042,3664512
Elk,5343.381,725,323,990,3628381
Knight,5066.058,742,336,1002,3322058
JackeyLove,4753.955,578,357,896,3279955
Creme,4573.15,502,340,913,3158150
Flandre,4373.976,444,353,1078,2851976
Ruler,4344.213,665,228,716,2963213
Viper,4322.064,618,251,760,2944064
Chovy,4318.494,444,240,879,2995494
Tarzan,4223.51,510,390,1334,2379510
GALA,4123.447,598,252,685,2840447
Bin,4071.663,466,334,899,2706663
Taeyoon,3999.707,505,304,666,2828707
Zeka,3951.965,489,281,775,2687965
Rookie,3900.849,414,273,876,2610849
369,3792.874,363,359,798,2631874
Faker,3780.6240000000003,389,275,830,2561624
Paduck,3778.308,557,231,689,2532308
Zinie,3777.081,426,278,755,2596081
Kanavi,3776.141,530,426,1062,2184141
Peyz,3775.634,493,207,630,2652634
Feng,3698.877,619,300,794,2285877
Leave,3654.169,467,290,588,2599169
Kiin,3633.906,397,303,766,2470906
Legolas,3616.167,564,277,575,2477167
Light,3603.649,468,224,626,2509649
Zeus,3583.543,427,354,724,2432543
kyeahoo,3579.946,401,211,707,2471946
About,3576.769,451,276,557,2568769
Czekolad,3554.931,399,278,726,2429931
Daystar,3507.951,366,327,762,2379951
Karis,3496.821,406,349,741,2349821
TheShy,3488.108,315,386,724,2449108
Gumayusi,3470.359,513,184,596,2361359
Doran,3457.015,359,379,744,2354015
Scout,3420.375,334,260,737,2349375
Fisher,3412.323,357,288,637,2418323
Xiaohu,3393.159,338,283,743,2312159
Aiming,3304.704,417,145,604,2283704
3XA,3295.985,473,169,572,2250985
Doggo,3294.134,528,164,494,2272134
Oner,3254.304,438,300,970,1846304
Caliste,3224.948,461,180,498,2265948
Jiwoo,3213.035,401,297,549,2263035
Soboro,3195.957,360,377,662,2173957
Axelent,3183.167,525,176,577,2081167
Slayer,3176.316,458,261,507,2211316
Shunn,3165.28,520,222,526,2119280
HongQ,3161.978,341,256,622,2198978
Vladi,3135.913,326,216,628,2181913
Canyon,3115.844,358,280,1004,1753844
Pyeonsik,3112.758,398,229,577,2137758
Smash,3110.888,479,184,550,2081888
BEAN,3094.719,503,166,564,2027719
Pungyeon,3086.96,314,306,587,2185960
Doinb,3073.212,320,262,741,2012212
Haetae,3051.143,309,287,552,2190143
Cube,3036.526,235,336,702,2099526
YoungJae,3023.734,447,304,841,1735734
Woolite,3015.294,450,227,567,1998294
Peanut,3013.979,351,342,1029,1633979
Kemish,2999.909,282,300,670,2047909
zamulek,2997.5190000000002,415,185,516,2066519
Rin,2982.354,375,195,547,2060354
Eclipse,2971.847,467,232,541,1963847
deokdam,2967.449,392,223,563,2012449
Casting,2960.386,302,256,665,1993386
1116,2954.891,463,272,561,1930891
ShowMaker,2953.295,329,204,646,1978295
SlowQ,2949.373,316,214,623,2010373
Dajor,2948.99,345,195,585,2018990
1xn,2942.0860000000002,377,261,463,2102086
Cracker,2929.838,311,345,700,1918838
Kael,2928.074,102,490,1786,1040074
ON,2921.241,135,544,1698,1088241
Care,2908.455,345,305,624,1939455
Beichuan,2906.939,283,368,964,1659939
Poby,2902.796,292,207,569,2041796
Monki,2880.116,394,416,858,1628116
Nemesis,2878.2129999999997,363,185,635,1880213
Breathe,2877.1929999999998,309,290,576,1992193
Shad0w,2863.087,358,341,876,1629087
Tempester,2853.039,278,257,627,1948039
Herma,2818.281,400,253,556,1862281
FenRir,2817.609,447,214,516,1854609
Garden,2814.634,293,320,546,1975634
Bdd,2808.831,352,203,540,1916831
Kio,2806.63,292,222,607,1907630
Pretender,2806.038,318,209,618,1870038
Crownie,2773.947,442,145,514,1817947
Wayne,2768.563,343,238,492,1933563
Panther,2768.393,385,271,502,1881393
Giyuu,2764.29,410,187,544,1810290
665,2760.446,410,268,912,1438446
ONLY,2751.249,471,204,401,1879249
Vincenzo,2749.744,386,295,836,1527744
OMON,2738.9139999999998,331,234,534,1873914
Peppe,2738.51,401,216,565,1772510
ToongE,2738.346,345,181,528,1865346
SeTab,2733.686,271,341,505,1957686
Xun,2733.3,389,281,758,1586300
Hans Sama,2732.625,350,161,432,1950625
Random,2721.702,354,240,487,1880702
Tian,2710.142,348,336,777,1585142
Ascend,2705.656,445,234,460,1800656
LazyFeel,2703.35,340,230,487,1876350
OddEye,2688.084,431,177,510,1747084
Kingen,2680.852,262,297,450,1968852
Hanbyeol,2664.231,233,307,531,1900231
Canna,2660.438,273,224,486,1901438
Lancer,2646.795,271,298,480,1895795
Starlit,2631.436,284,309,457,1890436
Shelfmade,2626.419,373,234,507,1746419
Flauren,2625.081,363,219,515,1747081
Assum,2624.658,330,253,529,1765658
Teddy,2619.849,373,182,463,1783849
Noz2k,2605.609,303,190,450,1852609
Diable,2604.763,367,212,421,1816763
HongSuo,2601.802,400,182,595,1606802
Jiejie,2592.751,330,257,778,1484751
DVLK,2589.226,377,252,515,1697226
RYue,2583.728,360,268,452,1771728
Supa,2579.804,394,153,353,1832804
frajgo,2576.978,332,303,435,1809978
RoyalKanin,2572.979,336,257,521,1715979
Siwoo,2566.269,260,260,481,1825269
Maged,2555.768,329,348,395,1831768
Callme,2552.6,279,212,606,1667600
Jackal,2550.066,360,292,770,1420066
Roison,2549.527,317,177,526,1706527
Juhan,2546.53,319,267,779,1448530
Boda,2540.6,371,221,448,1721600
sheer,2537.68,250,309,547,1740680
Adiogs,2536.938,317,286,617,1602938
Baus,2533.987,260,444,474,1799987
Artemis,2530.463,355,180,439,1736463
Marty,2529.3559999999998,329,146,520,1680356
ChiCh1,2521.332,370,223,521,1630332
Caps,2517.138,285,206,457,1775138
Frog,2500.739,268,182,545,1687739
Booshi,2492.157,297,128,441,1754157
Cid,2490.554,265,227,618,1607554
Koussay,2479.445,300,214,443,1736445
WhiteKnight,2476.448,243,258,695,1538448
MUDAI,2472.962,383,241,389,1700962
Hwichan,2471.112,331,151,527,1613112
Leb,2469.454,355,215,704,1410454
Envyy,2468.733,341,215,484,1643733
Relative,2460.9320000000002,326,226,443,1691932
Ucal,2453.835,282,230,422,1749835
welcom,2444.2110000000002,230,301,447,1767211
HARPOON,2442.208,445,145,420,1577208
Thayger,2437.529,341,254,734,1362529
Massu,2435.486,337,143,407,1691486
Clozer,2430.621,235,188,502,1693621
Vasco,2426.761,272,165,510,1644761
Grizzly,2426.68,391,239,644,1391680
Comp,2418.6639999999998,299,113,337,1782664
Kozi,2415.935,307,206,485,1623935
Secrett,2413.725,326,205,415,1672725
YSKM,2404.931,327,248,399,1678931
Flip,2404.449,301,187,401,1702449
Yike,2400.641,280,268,753,1367641
BuLLDoG,2393.672,191,229,442,1760672
Jool,2392.841,268,193,642,1482841
Keria,2389.15,102,314,1374,913150
Manaty,2388.865,346,257,781,1261865
Afriibi,2384.964,317,179,426,1641964
Jojopyun,2384.957,221,224,490,1673957
Furuy,2382.137,265,149,505,1612137
Maynter,2375.66,248,176,486,1641660
Feisty,2374.656,251,153,524,1599656
Velja,2370.525,396,191,676,1298525
Winner,2365.404,315,278,692,1358404
handm,2363.401,208,272,493,1662401
JunJia,2362.654,302,200,737,1323654
Kangin,2362.256,222,301,418,1722256
Aetinoth,2362.068,378,144,353,1631068
Aeru,2361.866,386,231,417,1558866
Pesho,2355.312,317,164,472,1566312
Kiaya,2348.019,235,218,448,1665019
Tsiperakos,2341.405,302,154,514,1525405
VicLa,2339.398,214,249,509,1616398
Syzyfek,2339.274,300,173,386,1653274
Avarice,2333.7980000000002,282,129,437,1614798
Septico1,2329.671,271,297,367,1691671
Rich,2323.181,212,271,411,1700181
Betty,2321.155,303,141,374,1644155
Unkn0wn5,2320.031,287,172,378,1655031
Ripple,2315.944,327,210,387,1601944
Szygenda,2312.923,240,200,442,1630923
Tracyn,2312.668,296,162,427,1589668
Ale,2311.262,222,214,544,1545262
Sharvel,2308.655,255,262,670,1383655
Crisp,2307.351,83,473,1454,770351
Delight,2304.484,110,365,1391,803484
DenVoksne,2300.148,289,172,350,1661148
PerfecT,2297.832,230,241,519,1548832
HOYA,2294.014,214,294,491,1589014
Xagog,2284.362,290,329,610,1384362
Upset,2281.275,376,84,388,1517275
DDoiV,2281.171,258,301,729,1294171
WalliR,2280.0679999999998,271,292,393,1616068
BrokenBlade,2279.556,244,225,424,1611556
Lucid,2277.624,300,257,713,1264624
Nevid,2275.456,247,298,392,1636456
Quad,2268.287,249,145,458,1561287
Hans SamD,2268.037,344,117,281,1643037
Berserker,2265.98,245,174,349,1671980
Hasu7,2261.555,323,283,470,1468555
STANIK,2260.139,309,133,510,1441139
Lothen,2257.047,321,134,369,1567047
Cuzz,2256.613,266,234,695,1295613
Mrozku,2239.563,300,206,443,1496563
Rybson,2238.46,272,240,699,1267460
Sertuss,2235.238,235,178,464,1536238
Mihile,2229.891,295,208,428,1506891
bobista,2229.321,291,184,445,1493321
Vzz,2226.005,346,164,339,1541005
Kenal,2222.425,308,174,406,1508425
Zubac,2221.26,344,255,733,1144260
Janus,2200.989,295,167,452,1453989
Samver,2199.164,407,114,432,1360164
Jinbeom,2198.527,302,218,413,1483527
Shiganari,2192.738,322,166,365,1505738
Aki,2191.364,269,331,664,1258364
Myrwn,2190.608,219,203,398,1573608
Jopa,2179.429,244,152,347,1588429
Simpli,2176.902,264,194,386,1526902
Rabble,2175.34,313,263,601,1261340
raining,2174.4,269,153,369,1536400
Jeskla,2167.991,292,156,407,1468991
FoFo,2167.213,198,117,429,1540213
Nan0,2166.567,234,198,407,1525567
Hype,2165.088,289,145,341,1535088
Calix,2162.907,229,209,370,1563907
Strode,2162.597,321,133,341,1500597
Kati,2159.595,213,138,469,1477595
Bwipo,2156.422,230,206,418,1508422
Six10,2156.317,294,151,408,1454317
Kuroneel,2153.992,336,187,356,1461992
Norwegian,2152.13,362,184,509,1281130
Duro,2151.132,81,338,1356,714132
Zanzarah,2151.018,201,280,755,1195018
L1mit,2142.995,345,183,334,1463995
Melonik,2141.731,214,220,351,1576731
adi1,2140.477,312,218,626,1202477
GIDEON,2137.827,263,300,667,1207827
Nafkelah,2136.185,285,123,444,1407185
Daglas,2132.373,267,162,646,1219373
Kratos,2130.076,228,206,403,1499076
SAJATOR,2123.342,260,163,451,1412342
Phantasm,2119.568,308,155,365,1446568
Yeon,2118.222,312,127,299,1507222
Venour,2118.185,240,203,383,1495185
Meiko,2112.779,84,380,1293,735779
XnS,2112.302,307,221,551,1254302
Morgan,2097.016,213,214,403,1481016
Vaynedeta,2091.753,344,140,334,1413753
SOLBON,2086.292,286,214,398,1402292
TakeSet,2086.025,276,121,326,1484025
xKenzuke,2079.641,259,137,438,1382641
Bull,2071.984,259,182,353,1459984
SkewMond,2064.873,246,175,585,1233873
Rooster,2062.357,243,182,422,1397357
Career,2055.774,114,315,1175,766774
ShiauC,2053.388,124,363,1262,667388
Trigger,2052.659,308,123,345,1399659
Painter,2050.349,284,172,708,1058349
Sponge,2045.061,235,317,577,1233061
Odi11,2039.855,309,133,312,1418855
Ace,2037.782,308,166,363,1366782
Rocklho,2037.194,173,274,422,1442194
Devn,2035.73,271,117,458,1306730
Cloud,2032.981,95,445,1178,759981
Vampire,2032.981,99,480,1166,767981
APA,2030.535,200,172,383,1447535
Eika,2027.196,197,157,371,1459196
Marbirius,2025.628,247,150,471,1307628
Agresivoo,2021.874,261,199,334,1426874
choego,2017.802,318,126,386,1313802
Seonwoo,2011.782,261,214,323,1427782
Fede,2009.218,253,143,348,1408218
Clear,2000.659,186,238,394,1420659
Serin,1992.91,275,113,359,1358910
Humanoid,1982.997,229,152,344,1409997
Send0o,1982.839,197,311,371,1414839
Midir,1981.398,211,233,423,1347398
Howling,1972.953,201,162,365,1406953
Soft,1968.071,304,200,653,1011071
Vetheo,1963.592,218,157,357,1388592
Agurin,1963.207,238,233,528,1197207
many,1963.199,222,179,357,1384199
NuQ,1958.34,243,244,429,1286340
Azhi,1958.148,186,169,366,1406148
alix,1956.536,257,215,370,1329536
Guigo,1956.408,204,194,362,1390408
Soldier,1956.166,312,81,414,1230166
Willer,1955.1970000000001,329,208,534,1092197
Guardian,1951.65,247,189,327,1377650
DuDu,1950.258,179,234,299,1472258
Euphoria,1948.8799999999999,249,291,353,1346880
Badlulu,1947.973,234,192,362,1351973
Aytekn,1940.691,220,194,355,1365691
Jaehyuk,1923.588,199,248,366,1358588
Shadow,1922.718,132,355,1058,732718
Savero,1920.097,232,211,656,1032097
whiteinn,1917.782,78,381,1199,640782
Tibor,1917.755,271,156,372,1274755
FIESTA,1917.442,214,217,372,1331442
Zven,1916.966,242,92,356,1318966
Levi,1915.998,231,242,594,1090998
452apm,1915.829,320,167,343,1252829
Tutsz,1908.563,200,150,392,1316563
DICE,1908.225,267,112,395,1246225
Minji,1907.325,262,239,347,1298325
Raptor,1905.732,239,266,539,1127732
Wei,1905.337,221,221,627,1057337
Aklass,1895.908,284,186,302,1309908
Neon,1895.196,268,156,354,1273196
Ayu,1890.413,253,115,351,1286413
Robocop,1886.996,220,144,368,1298996
Kinatu,1885.35,269,125,418,1198350
Zephyr,1884.587,279,271,511,1094587
Decay,1880.273,216,128,324,1340273
Armut,1869.679,215,180,361,1293679
Fade,1867.3509999999999,285,172,326,1256351
Ruep,1864.779,260,112,306,1298779
Forest,1863.169,257,154,617,989169
Fornoreason,1862.593,221,217,281,1360593
TitaN,1859.498,245,123,281,1333498
Way,1850.558,106,319,1037,707558
BuLuKaKa,1842.247,234,166,385,1223247
Dean,1838.334,219,243,596,1023334
Afroboi,1838.128,287,221,495,1056128
Baumeef,1834.537,253,233,562,1019537
Reptile,1834.382,284,149,332,1218382
ZaZee,1830.066,214,170,339,1277066
Peter,1827.541,91,321,1100,636541
Frost,1821.741,204,210,553,1064741
Elyoya,1821.674,209,169,593,1019674
Recap,1820.659,231,106,510,1079659
BAO,1818.043,266,108,330,1222043
Gemini,1804.979,231,263,643,930979
Dzeffry,1804.768,218,205,329,1257768
Sayn,1803.099,241,112,334,1228099
LIMIT,1802.274,100,312,1045,657274
Shift,1801.672,288,226,489,1024672
Gori,1800.552,187,159,357,1256552
Prever,1799.17,300,245,440,1059170
Dotmm,1795.656,218,203,375,1202656
Whistle,1786.199,214,136,381,1191199
FlickeR,1784.212,309,84,315,1160212
Sav1or,1781.02,235,150,301,1245020
Inspired,1779.897,199,144,539,1041897
Rekkles,1773.657,76,88,1130,567657
Hinata,1772.351,230,177,386,1156351
Oscarinin,1771.56,160,182,399,1212560
Whip,1768.431,192,177,437,1139431
Weizhe,1767.191,234,215,350,1183191
Mihai,1764.554,223,116,355,1186554
Aomine,1764.442,274,74,344,1146442
Damocles,1763.164,275,126,244,1244164
Empyros,1760.174,170,196,283,1307174
Heroic,1757.423,273,166,293,1191423
Dekap,1755.241,96,220,1048,611241
Sylvie,1749.602,199,212,582,968602
Sencux,1745.738,228,111,335,1182738
Addusto,1742.748,202,184,281,1259748
Ellim,1739.463,235,235,504,1000463
Claww,1735.33,166,264,381,1188330
Razork,1732.838,183,176,555,994838
Guti,1725.499,213,144,372,1140499
Vizicsacsi,1723.492,221,176,334,1168492
Rhilech,1722.776,204,170,523,995776
Rayito,1721.257,206,130,310,1205257
Crem,1721.184,256,93,271,1194184
HeSSZero,1718.7,197,171,341,1180700
Solid,1713.459,254,251,557,902459
Typhoon,1711.762,263,186,557,891762
Zelt,1709.874,217,103,354,1138874
Loki,1705.267,229,116,329,1147267
Namgung,1701.629,63,368,955,683629
Sacre,1698.9470000000001,168,147,272,1258947
Trila,1696.16,190,236,645,861160
Yuhi,1691.847,259,124,357,1075847
Cuicuixi,1690.896,236,205,296,1158896
Noah,1687.189,223,109,229,1235189
PowerOfEvil,1684.993,219,104,268,1197993
shibi,1684.542,247,158,528,909542
Pallet,1681.061,210,211,620,851061
Vigil,1679.869,212,139,377,1090869
Theocacs,1673.074,150,279,573,950074
Zicssi,1672.334,155,224,472,1045334
Nawaf,1672.301,245,165,316,1111301
NightSlayer,1669.915,180,170,318,1171915
rakii,1663.711,239,113,320,1104711
Targamas,1662.174,59,296,996,607174
Gavotto,1656.974,237,93,338,1081974
Jwei,1656.416,59,407,997,600416
UNF0RGIVEN,1655.98,206,83,265,1184980
Noodle,1653.132,239,192,467,947132
xqw,1650.985,155,184,363,1132985
Pleata,1650.21,82,310,972,596210
Reaver,1647.491,71,316,1081,495491
Elramir,1645.952,179,173,644,822952
minemaciek,1640.093,80,308,944,616093
BeryL,1638.407,70,346,900,668407
Smurfe,1636.552,178,189,310,1148552
Saethra,1634.85,203,243,278,1153850
Innaxe,1634.654,225,106,260,1149654
SPOOKY,1633.917,191,159,575,867917
Abyss,1633.054,116,245,833,684054
Kaze,1633.028,251,130,338,1044028
Bluffing,1631.936,39,354,1018,574936
Kryze,1630.731,148,158,366,1116731
Bvoy,1628.742,164,101,231,1233742
Midnight,1621.328,237,108,377,1007328
Ice,1620.574,206,95,257,1157574
Guertas,1620.531,281,143,539,800531
Saber,1620.398,175,154,345,1100398
DARKWINGS,1620.19,151,100,277,1192190
JiaQi,1618.188,194,147,239,1185188
Kaiwing,1615.156,65,221,1028,522156
Envy,1613.129,196,111,328,1089129
Sparda,1612.975,216,124,303,1093975
Huron,1612.841,181,136,376,1055841
Gury,1612.778,215,168,457,940778
Harbo,1608.558,210,155,298,1100558
Quantum,1607.804,76,286,936,595804
Saii,1603.103,226,147,253,1124103
Lehends,1600.614,107,456,805,688614
RenYe,1600.57,276,192,480,844570
Zkai,1600.2,191,165,246,1163200
Angel,1598.5430000000001,148,87,346,1104543
Xeonerr,1593.981,212,202,512,869981
Potent,1593.832,173,196,354,1066832
Jackies,1591.611,173,153,258,1160611
Goliath,1591.537,89,348,875,627537
Rust,1588.416,231,179,291,1066416
Mireu,1587.986,182,152,277,1128986
ANDARIEL,1587.471,209,128,283,1095471
Stefan,1584.934,193,162,488,903934
DahVys,1584.763,230,180,493,861763
Kino,1583.554,98,364,941,544554
Darkeszy,1583.029,206,154,320,1057029
Ferret,1582.969,177,140,570,835969
Yukino,1580.315,231,185,452,897315
Eddie,1579.931,188,87,291,1100931
1Jiang,1578.366,154,182,335,1089366
Pleasure,1577.607,80,296,951,546607
Wildenbruch,1574.609,113,387,839,622609
Cboi,1571.786,176,214,556,839786
Scorth,1571.448,237,85,234,1100448
kehvo,1570.765,201,120,281,1088765
White,1570.386,202,212,492,876386
Tactical,1568.815,247,76,216,1105815
Grave,1565.691,213,143,284,1068691
ianshaka,1565.451,220,80,278,1067451
TenT,1563.979,213,166,281,1069979
ShazQ,1562.91,140,222,629,793910
buffi,1561.593,174,157,258,1129593
Koala,1559.484,95,273,786,678484
DM history,1559.125,259,115,323,977125
Kaiser,1558.512,68,247,928,562512
Lukyss,1555.721,243,125,251,1061721
nuc,1552.651,160,109,293,1099651
Nille,1551.158,190,153,342,1019158
Competitive,1550.616,176,170,381,993616
Pyosik,1549.6689999999999,189,237,458,902669
vital,1546.573,175,149,306,1065573
Shy Carry,1545.7259999999999,185,131,288,1072726
Mietek,1543.515,175,146,295,1073515
Thanatos,1541.806,163,114,322,1056806
13,1538.356,229,143,240,1069356
Chien,1537.926,179,183,327,1031926
Hailstone,1537.921,90,333,949,498921
KOUBEE,1536.425,159,160,300,1077425
Trigo,1531.118,197,140,272,1062118
Impact,1530.961,152,176,329,1049961
FBI,1530.913,180,107,252,1098913
Ibai,1529.14,219,93,211,1099140
iwanan,1528.756,183,130,285,1060756
Mishi,1527.6589999999999,199,135,266,1062659
Kofte,1525.989,157,112,344,1024989
ESCIK,1525.866,192,112,268,1065866
Inspire,1524.961,177,171,274,1073961
Karsa,1522.383,170,212,499,853383
Celo,1521.77,192,109,278,1051770
Bada,1521.641,189,179,273,1059641
Bcan,1520.421,197,129,308,1015421
Anyone,1518.909,203,141,240,1075909
MihawK,1517.417,265,198,323,929417
Ivory,1517.296,161,141,316,1040296
Neramin,1511.852,290,134,252,969852
JACTROLL,1511.29,97,298,832,582290
Xerxe,1508.64,186,119,467,855640
Quid,1506.146,175,110,277,1054146
Deant9,1506.042,218,164,312,976042
marlon,1503.574,80,286,880,543574
Ka1ser,1503.45,167,223,279,1057450
Skeanz,1503.354,204,163,478,821354
LADYBUG,1501.674,178,127,243,1080674
Tatu,1501.46,205,139,457,839460
DG suyahime,1499.357,221,107,340,938357
rre,1499.345,201,154,352,946345
Matislaw,1499.231,122,105,293,1084231
Shogun,1498.45,180,98,274,1044450
Toumes,1498.195,191,135,323,984195
Cheng9,1497.978,211,193,256,1030978
kkkkkkkkk,1496.387,197,163,272,1027387
Warner,1495.548,227,140,228,1040548
AKaJe,1495.412,183,170,238,1074412
Wicked,1493.693,194,162,303,996693
R0se,1493.116,251,194,262,980116
Marco,1492.194,86,270,853,553194
Markoon,1487.8700000000001,158,152,479,850870
Kireas,1485.701,241,144,431,813701
tol2,1483.327,167,189,342,974327
Yakkey,1482.827,227,118,233,1022827
CRoNiiK,1476.824,131,150,583,762824
Chasy,1476.141,168,134,277,1031141
TNS,1474.673,78,368,898,498673
Marble,1471.688,172,102,222,1077688
iBo,1471.482,154,178,282,1035482
Junhao,1470.806,197,162,408,865806
MISSING,1469.45,62,358,857,550450
Deadly,1468.778,170,106,233,1065778
Bobsik,1468.685,173,157,282,1013685
Skyy,1467.651,192,95,301,974651
Mobility,1466.59,181,96,244,1041590
Driver,1463.8790000000001,112,120,374,977879
Insanity,1462.967,186,86,289,987967
Kreative,1462.263,223,177,315,924263
Faded,1462.261,180,174,242,1040261
Fun K3y,1461.065,202,97,255,1004065
Andil,1461.035,52,352,830,579035
chico,1460.902,189,114,312,959902
Route,1460.21,157,85,247,1056210
B Butcher,1460.1970000000001,84,342,882,494197
Dyenn,1459.501,189,94,258,1012501
FENZ1,1458.025,190,94,293,975025
Exofeng,1457.229,237,101,227,993229
Wizer,1456.905,159,125,292,1005905
Patch,1455.548,80,263,898,477548
Batuuu,1453.5,86,233,856,511500
Fresskowy,1452.509,167,103,270,1015509
Ragner,1445.341,138,119,365,942341
Puddin,1441.924,196,95,269,976924
Esko,1440.6680000000001,203,92,281,956668
Xin,1439.582,197,210,397,845582
Sojo,1437.383,140,188,451,846383
Piero,1437.092,74,225,886,477092
D4nKa,1435.416,140,155,495,800416
Hydra,1430.777,176,117,281,973777
Nenad,1430.676,236,145,211,983676
Wind1,1429.627,184,146,303,942627
APP,1427.003,140,148,311,976003
Palafox,1426.114,130,126,262,1034114
Bonnie,1426.0529999999999,179,155,448,799053
Harky,1420.179,211,118,235,974179
Dire,1418.41,171,90,285,962410
Zewih,1413.113,205,108,261,947113
TT,1408.143,175,159,296,937143
Kaymin,1407.539,180,142,273,954539
Morttheus,1405.461,181,86,232,992461
NoWay,1404.878,164,119,255,985878
Grevthar,1404.367,162,102,292,950367
Tockimo,1403.885,72,339,765,566885
Qats,1401.825,156,102,332,913825
Diplex,1399.701,140,96,252,1007701
VirusFx,1399.1390000000001,214,79,239,946139
Horder,1397.139,166,157,248,983139
Rabelo,1396.644,211,59,283,902644
Labrov,1394.753,56,287,800,538753
NoName,1393.6,134,169,454,805600
Feather,1392.689,57,356,852,483689
113,1388.892,129,196,420,839892
Visdom,1388.318,64,264,845,479318
Ahn,1386.929,163,92,263,960929
Snaker,1385.322,162,107,263,960322
Time,1385.297,208,145,347,830297
Elio,1384.108,41,247,820,523108
Jezu,1382.046,189,100,231,962046
Washidai,1379.993,157,123,365,857993
sasi,1378.24,140,156,302,936240
Chan,1375.806,195,98,260,920806
Sword,1375.239,140,117,276,959239
Likai,1373.1870000000001,178,243,225,970187
sajed,1372.13,194,56,245,933130
eaRyz,1369.277,188,169,458,723277
Pangjin,1369.277,188,125,217,964277
Jankos,1365.767,183,142,466,716767
Kulvas,1364.904,153,138,279,932904
Centu,1360.17,73,221,842,445170
Array,1359.508,146,91,222,991508
xddyuki,1356.974,221,91,228,907974
Lurox,1356.426,114,161,461,781426
Alvaro,1356.059,49,244,817,490059
Achael,1356.055,157,221,229,970055
xyno,1354.012,176,101,279,899012
Kisee,1351.408,159,111,244,948408
Broeki,1350.093,193,145,233,924093
Aithusa,1349.904,153,114,258,938904
Momo,1349.885,180,147,276,893885
Peto,1349.855,53,208,862,434855
Zdz,1347.253,133,137,287,927253
Oleg,1347.007,176,161,339,832007
Brucee,1346.109,148,178,499,699109
Pride,1345.882,132,173,231,982882
Libra,1345.637,158,156,262,925637
FATE,1342.716,132,134,242,968716
Kellin,1341.363,57,301,757,527363
soul1,1340.815,149,165,465,726815
Naviah,1340.571,165,117,228,947571
Solokill,1339.064,178,127,276,885064
Basraket,1338.355,218,136,230,890355
J3rkie,1336.831,63,252,795,478831
Salami,1335.576,195,126,223,917576
Painful,1333.392,162,157,239,932392
Doss,1333.128,71,252,777,485128
TF Blade,1332.729,138,154,312,882729
Devost,1330.576,141,137,322,867576
Pipibaat,1330.02,155,165,382,793020
Faetski,1327.777,196,117,212,919777
FakeGod,1324.945,140,74,285,899945
BVL MayR,1323.866,163,140,256,904866
TIMR,1318.208,59,222,834,425208
MetroArcher,1317.183,216,111,244,857183
Lucky,1315.797,47,235,787,481797
Enga,1315.759,148,99,305,862759
Daksider,1313.381,230,100,201,882381
Flakked,1312.405,141,110,191,980405
Netuno,1312.241,196,61,230,886241
Marth,1311.85,185,106,228,898850
Pun,1311.374,125,156,298,888374
Carzzy,1309.522,168,102,194,947522
Kamiloo,1308.306,125,165,190,993306
Dionelux,1307.868,140,175,301,866868
ManoloGap,1307.345,139,95,326,842345
Lac,1306.111,164,104,278,864111
Mercy9,1303.004,160,113,253,890004
Keii,1301.5140000000001,160,97,225,916514
Blaber,1301.383,149,133,450,702383
Dan,1299.985,167,117,302,830985
Pobelter,1298.518,142,83,269,887518
Nice Guy Ben,1298.198,104,211,233,961198
Anonymouss,1297.485,215,161,365,717485
CoBiT,1296.527,68,359,726,502527
Orca,1296.119,101,199,654,541119
ZekaS,1293.709,124,137,245,924709
MaiYuk,1293.214,127,190,254,912214
ISMA,1282.398,159,160,388,735398
Marcv1,1282.237,209,67,278,795237
KatzGames,1281.624,138,159,300,843624
Xiaoxu,1280.715,140,157,249,891715
scuro,1279.156,175,95,230,874156
Czypsy,1278.129,61,245,753,464129
M G,1277.872,159,41,283,835872
FSZ,1276.714,157,117,258,861714
Busio,1276.313,57,178,736,483313
Nanaue,1272.966,166,143,215,891966
Robo,1270.904,145,173,218,907904
Aria,1269.597,144,101,215,910597
Denathor,1265.821,144,121,224,897821
zynts,1265.181,144,107,252,869181
Hauz,1264.029,145,91,252,867029
Fudge,1263.3,134,136,222,907300
Roamer,1261.479,123,90,258,880479
DiDi,1261.398,182,99,274,805398
Improver,1260.763,153,170,251,856763
Pollu,1260.355,38,285,736,486355
VK motimotti11,1260.178,188,164,185,887178
Rising,1256.606,229,151,325,702606
Varry,1253.132,158,128,224,871132
BlackSwan,1252.79,174,114,182,896790
Mikyx,1251.106,50,232,711,490106
Xiaohao,1249.922,199,107,341,709922
Krest,1248.888,148,131,207,893888
Raina,1248.694,60,165,848,340694
TalentLess,1247.298,154,135,227,866298
Lot,1246.242,107,127,238,901242
Joinze,1245.81,155,154,408,682810
JNX,1245.737,132,172,181,932737
Djoko,1245.429,159,99,339,747429
Kice,1244.051,42,295,730,472051
ppgod,1243.491,47,291,751,445491
Strensh,1242.063,163,67,217,862063
Smiley,1241.187,166,74,255,820187
DDahyuk,1240.361,145,131,236,859361
HotPot,1236.241,164,299,375,697241
shanji,1235.316,115,154,278,842316
Prime,1234.225,56,240,729,449225
Czajek,1233.747,117,85,213,903747
pan,1232.879,160,101,226,846879
HiRit,1231.219,129,121,207,895219
CarioK,1230.497,124,119,437,669497
Hazel,1227.891,165,94,195,867891
Marky,1225.8509999999999,117,146,241,867851
Dani,1225.793,153,114,215,857793
PatkicaA,1225.362,132,133,293,800362
naau,1224.875,211,82,368,645875
haichao,1222.924,123,109,243,856924
Carry,1222.047,61,256,723,438047
Lulas,1218.769,107,179,462,649769
Jeykup,1218.514,154,132,423,641514
Liar,1218.481,191,106,229,798481
Lospa,1217.283,57,187,766,394283
Yuu,1216.323,127,169,202,887323
Aress,1215.677,122,101,256,837677
whisper,1215.382,200,214,313,702382
Starry,1214.5,181,111,212,821500
Nikiyas,1214.363,175,93,211,828363
Avra,1212.728,179,105,200,833728
Kisno,1211.945,134,123,381,696945
Tropy16,1210.634,144,168,207,859634
UniqueCORN,1208.491,145,110,261,802491
playcool,1206.43,160,114,236,810430
Fallen,1206.429,140,150,407,659429
sarolu,1205.967,145,131,400,660967
Xicor,1205.855,166,126,209,830855
Crack,1204.698,44,270,685,475698
Lynkez,1197.557,136,101,196,865557
Burdol,1193.863,144,102,207,842863
Draktharr,1191.745,184,133,304,703745
Abagnale,1191.703,54,251,753,384703
Bissejr15,1190.666,148,90,230,812666
Wako,1190.5149999999999,124,96,217,849515
tinowns,1189.2640000000001,111,82,192,886264
Enapon,1188.094,88,242,579,521094
Asza,1187.144,162,99,172,853144
Doublelift,1184.457,171,84,194,819457
Caltys,1183.368,164,102,220,799368
Woody,1182.826,68,204,670,444826
Airren,1180.7740000000001,155,95,230,795774
Leks,1178.173,138,156,186,854173
Osman123,1175.445,166,180,402,607445
Sinmivak,1173.397,83,101,246,844397
denyk,1173.312,43,211,731,399312
Samikin,1173.274,126,97,216,831274
Druxy,1172.916,168,91,258,746916
Vertigo,1171.846,142,100,194,835846
fNb,1170.849,120,84,219,831849
Hosanna,1170.513,68,278,659,443513
Papiteero,1169.358,132,137,217,820358
FGG,1169.357,61,211,712,396357
Dolis,1169.023,142,89,226,801023
Nesty,1166.669,174,179,347,645669
Brance,1166.534,145,68,182,839534
Contractz,1165.255,120,164,300,745255
Infoneral,1163.733,63,235,671,429733
Eckas,1163.512,140,106,367,656512
CK gotae,1162.944,132,134,193,837944
seaz,1161.084,73,164,653,435084
Booki,1160.921,161,116,413,586921
Kikis,1160.612,134,136,381,645612
HungryPanda,1158.6,85,244,658,415600
Keduii,1158.016,142,97,187,829016
Zika,1154.0529999999999,122,113,200,832053
Dragonblood,1151.022,160,126,401,590022
Notiko,1150.267,167,99,191,792267
Leza,1148.77,157,89,191,800770
StarScreen,1135.871,125,131,239,771871
Sting,1134.195,123,151,358,653195
Etoo,1128.998,151,98,240,737998
Kiari,1126.086,110,149,197,819086
Spica,1125.704,146,78,330,649704
rym,1124.951,146,100,245,733951
SiuLoong,1124.661,77,210,593,454661
SiroN1,1123.5629999999999,55,226,666,402563
DOOM,1122.219,116,123,400,606219
River,1122.0430000000001,123,133,321,678043
Sahira,1121.679,143,119,172,806679
Space,1116.512,147,134,185,784512
Akashi,1115.9,112,109,252,751900
Evi,1114.445,95,211,224,795445
NinjaKiwi,1113.5520000000001,136,71,198,779552
JoJo,1113.057,48,179,639,426057
Tomio,1110.941,116,77,379,615941
Leon,1110.931,43,192,714,353931
HamBak,1110.887,110,176,321,679887
Leny,1110.823,113,158,212,785823
Vin,1110.644,131,92,249,730644
Mewkyo,1107.19,143,143,328,636190
fantomisto,1104.048,133,100,239,732048
Hizto,1103.193,163,125,321,619193
Tomrio,1102.4270000000001,128,115,433,541427
Nawa,1102.412,151,73,197,754412
Antonio,1102.2740000000001,141,73,205,756274
belit,1101.365,116,186,346,639365
DnDn,1100.991,120,122,198,782991
Boal,1100.063,114,124,223,763063
Racon,1099.771,151,175,338,610771
Funky Dog,1097.647,159,103,335,603647
twohoyrz,1096.024,121,105,211,764024
Tomo,1095.904,102,95,157,836904
Yupps,1095.211,112,132,202,781211
Lens,1094.444,180,91,196,718444
Bold,1090.701,165,66,150,775701
Xico,1089.58,127,116,225,737580
Backlund,1088.653,112,126,159,817653
Wilson,1088.569,127,136,324,637569
Zwyroo,1086.796,155,75,209,722796
Perle,1086.659,126,116,234,726659
Pilot,1084.454,152,68,207,725454
Someone,1083.3609999999999,168,116,186,729361
Naak Nako,1080.128,114,130,178,788128
Sm0oZi,1079.484,159,90,190,730484
Zest,1077.807,104,71,176,797807
CK ss1,1075.33,149,221,306,620330
Loading,1071.799,88,137,244,739799
Zoelys,1071.483,36,186,655,380483
Erdote,1068.931,41,211,602,425931
Sn1lle,1068.791,136,154,308,624791
Sun eater,1068.645,105,231,174,789645
Kania,1068.507,152,155,295,621507
Photon,1066.122,130,97,179,757122
Ronaldo,1065.964,123,81,171,771964
Ilyxøu,1062.259,124,147,256,682259
RAMES,1061.656,134,134,317,610656
Bie,1060.794,82,124,582,396794
Panda2,1060.778,135,122,210,715778
Croco,1059.68,146,125,292,621680
Juzu,1058.315,118,107,201,739315
Khaydarin,1054.544,124,159,185,745544
Pinki,1051.893,168,66,196,687893
CoreJJ,1051.503,64,148,593,394503
Dizin,1050.715,152,137,360,538715
Techoteco,1048.644,102,167,307,639644
Zeron,1048.3410000000001,100,104,162,786341
BVL Fubuki,1044.709,193,153,261,590709
VK velbellys,1043.004,122,135,197,724004
Should,1040.699,65,217,566,409699
Berr,1040.499,37,286,630,373499
Keine,1039.007,94,95,184,761007
Cinkrof,1038.891,117,134,350,571891
Liweier,1038.879,159,164,327,552879
Irrelevant,1038.515,88,119,219,731515
SuperCleber,1038.353,111,84,233,694353
Summit,1038.074,100,142,195,743074
Tao,1037.278,123,130,209,705278
Josifek04,1035.818,163,162,310,562818
Druust,1033.451,117,117,222,694451
Steeelback,1033.195,31,182,697,305195
Spooder,1032.748,105,108,240,687748
Miniduke,1030.974,123,119,193,714974
Crimson,1030.479,111,102,207,712479
Josedeodo,1029.185,135,108,293,601185
Jamie,1027.935,142,61,226,659935
ALNSHT,1027.234,130,68,189,708234
Matias,1026.926,114,101,175,737926
Kakkun,1026.675,96,145,183,747675
Rest,1026.322,106,105,222,698322
cody,1025.64,113,78,192,720640
tyrin,1024.189,106,112,178,740189
Sekkou,1023.255,65,196,600,358255
SLT,1022.9159999999999,117,75,181,724916
Wamu,1022.408,110,86,258,654408
Karaage,1021.9010000000001,137,87,170,714901
SkyK,1020.713,162,105,202,656713
XeRone,1019.145,129,191,175,715145
Wuis,1017.943,45,187,592,380943
MrPhant0m,1012.99,146,90,140,726990
naiyou,1012.723,175,84,296,541723
Dardoch,1012.2099999999999,116,116,287,609210
Blesia,1009.2470000000001,138,96,162,709247
Drofan,1008.285,175,112,269,564285
Lucker,1007.947,86,147,382,539947
Ady,1007.946,112,102,246,649946
Disamis,1007.775,135,106,312,560775
Mask,1004.635,84,86,203,717635
Grell,1002.474,134,121,295,573474
CHEF,1001.645,95,148,327,579645
Prominence,1000.558,109,132,375,516558
Life,997.318,49,292,517,431318
Gakgos,996.627,128,97,231,637627
Rigel,995.539,105,118,191,699539
Saifer,994.697,134,84,199,661697
Hang,993.148,48,206,609,336148
Veignorem,991.703,52,214,539,400703
Sniper,989.507,112,123,194,683507
DoubleAiM,988.309,150,143,271,567309
Kaylem,988.104,133,95,191,664104
Hatsu,987.845,104,129,164,719845
Baca,987.593,127,87,196,664593
Frozen,984.961,48,229,604,332961
Shizuki,984.812,134,74,152,698812
Killer2,983.794,119,136,351,513794
Toffe,983.539,106,105,186,691539
Metroflox,982.981,139,111,271,572981
J0J0C,982.751,144,103,225,613751
YYG MAO,982.4300000000001,134,113,229,619430
Krimson,981.801,123,158,277,581801
Mahonix,980.013,45,171,579,356013
Saint,979.809,111,80,154,714809
OkerumoN,978.84,53,247,442,483840
WNTR,978.321,101,158,176,701321
MathisV,977.997,104,99,208,665997
svns,977.5509999999999,119,103,175,683551
Qwacker,975.535,119,122,179,677535
Yampi,974.642,113,123,291,570642
PatxiPirata,972.463,125,138,171,676463
Santorin,971.731,100,108,351,520731
Skream,970.784,145,86,169,656784
Intio,968.9110000000001,139,83,172,657911
KNEZA,967.628,134,126,160,673628
ZOEN,967.087,110,119,247,610087
Kasing,966.225,37,188,582,347225
Sirinox,965.883,114,72,143,708883
Chordy,965.051,81,120,337,547051
Solorio,964.242,134,111,182,648242
ScaryJerry,963.354,85,105,135,743354
Hetel,959.675,36,185,636,287675
KinGi,959.605,116,108,328,515605
Pika1,959.553,130,160,163,666553
Emo,956.944,108,82,236,612944
Hustle,956.689,135,111,203,618689
Minu,954.2379999999999,149,120,304,501238
Sheo,950.415,74,128,273,603415
Nio,948.421,69,227,540,339421
Mersa,946.811,34,242,603,309811
UmTi,946.796,80,128,310,556796
Shiku,945.272,32,165,577,336272
JimieN,944.929,82,133,178,684929
Carlsen,944.587,109,110,141,694587
Zeyzal,943.915,32,115,558,353915
STEPZ,943.814,131,83,255,557814
Alex234,940.64,102,175,303,535640
Wiz,940.038,108,116,295,537038
Foxie,938.608,128,106,189,621608
Serch,936.615,110,100,196,630615
Vulcan,935.0360000000001,38,104,605,292036
Sotsy,934.951,91,133,220,623951
DM p1ng,933.295,171,90,139,623295
Hena,931.663,100,62,158,673663
Osaki,930.456,43,198,557,330456
Zamudo,930.446,115,86,154,661446
Goliah,929.0070000000001,122,99,284,523007
jjs156,926.3340000000001,95,134,177,654334
Plox,925.107,106,91,196,623107
Lilipp,924.077,75,256,408,441077
Climber,923.828,118,115,289,516828
ceo,922.997,115,66,134,673997
Nikolex,922.929,113,147,287,522929
Patrik,922.094,96,91,126,700094
Shogo,921.926,135,111,139,647926
Zeniv,921.7330000000001,124,129,159,638733
Kurahuto,921.363,32,240,552,337363
Mentos,920.396,100,94,228,592396
2274,919.944,45,292,492,382944
Charley,917.212,55,135,549,313212
CPM,916.8100000000001,84,130,241,591810
Kiefer,916.707,94,71,161,661707
Aojune,916.615,91,102,166,659615
NOMA,914.636,103,105,186,625636
Worst,911.901,144,68,202,565901
pr1me,911.74,126,116,174,611740
Makes,911.501,113,125,160,638501
Phuc1,910.496,112,159,294,504496
Treatz,909.381,65,137,486,358381
Ycx,908.223,42,208,541,325223
Lindgarde,904.742,125,58,174,605742
RayFarky,903.595,82,138,202,619595
Thomas,903.533,41,184,528,334533
Inzuh,900.6030000000001,100,74,190,610603
Siler,900.534,130,43,185,585534
Caucha,898.248,108,96,179,611248
Hub,896.562,115,111,136,645562
Boukada,896.171,89,120,304,503171
Kuri,894.201,45,148,506,343201
Dya,890.669,118,56,177,595669
Kojima,887.862,114,70,158,615862
Axo,886.279,117,145,124,645279
FIERCE,885.1,136,44,140,609100
Mxe,883.916,24,228,543,316916
Enosh,880.956,108,88,169,603956
Spirax,880.504,102,67,187,591504
Eyliph,876.486,96,121,175,605486
Chika,875.344,116,83,191,568344
Nsurr,875.237,33,217,534,308237
RapMonsters,874.061,117,66,169,588061
Kellie,872.61,37,164,522,313610
StineR,871.786,88,112,307,476786
Kituruken,868.508,104,121,261,503508
scamber,865.563,37,134,550,278563
Larssen,865.043,75,73,159,631043
Adam,864.8389999999999,106,98,124,634839
Ramune,862.629,120,60,211,531629
Lekcyc,861.333,34,165,558,269333
ardaffler,860.162,138,51,135,587162
PhyMini,859.079,86,88,118,655079
Keres,858.4979999999999,71,192,406,381498
Seiya,856.375,85,61,208,563375
yeti,855.804,80,100,165,610804
Fogzy,855.542,101,116,130,624542
KatEvolved,855.2,106,62,162,587200
VK Jmicta,854.895,101,181,233,520895
Lyncas,854.789,93,96,282,479789
Tangyuan,852.457,79,77,168,605457
ezman,849.884,116,93,147,586884
Listo,849.003,154,130,219,476003
Falleo,848.004,109,113,134,605004
Forlin,847.797,77,98,161,609797
DG toraneko,847.458,34,145,526,287458
uZent,847.287,54,112,499,294287
Callian,847.098,36,210,508,303098
Poweh,846.173,115,115,117,614173
Seal,846.033,54,188,497,295033
Srtty,844.708,90,117,131,623708
bluerzor,843.896,96,85,268,479896
Own3r,843.772,154,108,184,505772
Bola,843.399,104,76,109,630399
Bulas,843.061,43,175,517,283061
milkyway,841.628,92,131,249,500628
Domas,841.273,86,139,243,512273
Asilah,841.256,72,118,168,601256
Magic,840.064,118,132,154,568064
Baashh,839.5980000000001,95,133,256,488598
Shiina,838.477,123,104,281,434477
Nanchuco,838.055,121,131,124,593055
Alvanai,836.279,116,120,164,556279
Sparz,835.337,49,189,491,295337
Bong,834.309,88,121,148,598309
Jun,834.055,35,145,443,356055
Parlita,833.744,87,107,150,596744
Taba,832.907,88,131,314,430907
CK Razer,831.697,74,134,197,560697
Raxxo,831.643,40,163,452,339643
KSAEZ,830.926,98,59,188,544926
Arn,829.619,83,76,224,522619
Pout,825.586,101,41,196,528586
Music,822.717,99,97,243,480717
iLEVI,822.6850000000001,44,176,460,318685
Dawciu,822.472,126,120,208,488472
aadurrr,818.9,86,115,154,578900
Shourdy,817.061,75,173,139,603061
Levy,816.28,75,110,159,582280
PmK,815.099,107,109,132,576099
Click,813.418,41,178,446,326418
6ax,805.683,93,77,176,536683
Pain5,805.63,117,66,148,540630
Erha,804.293,27,156,476,301293
Taki,802.679,40,138,462,300679
Bwater,802.228,80,156,165,557228
NaiNa,800.577,103,72,197,500577
Tamoz,800.256,81,122,110,609256
ECSTASSY,800.04,97,97,130,573040
Pabu,799.146,107,96,207,485146
Krastyel,799.144,62,178,347,390144
Vyctor,798.447,114,70,122,562447
Tasteless,796.919,24,122,521,251919
Nero,796.732,88,96,278,430732
Cavalo,795.875,39,129,459,297875
Adyyy,791.587,100,80,134,557587
Stormax,790.074,70,138,239,481074
KKT,789.923,83,129,271,435923
Gru,789.517,97,53,125,567517
PepiineroJr,787.689,112,73,132,543689
C7,783.19,98,111,165,520190
Van,779.919,138,75,197,444919
Beenie,779.128,91,84,152,536128
Nino,778.298,78,118,154,546298
Mafro,776.905,104,71,271,401905
Kenma,776.848,78,84,164,534848
Hiro02,774.793,68,83,169,537793
Sleyer,772.023,88,92,121,563023
Taiyaki,771.548,37,125,498,236548
Ackerman,771.076,27,118,418,326076
Ivama,770.205,84,111,234,452205
Aikawa,769.368,66,56,119,584368
Carnage,769.287,109,113,250,410287
Furby,767.831,34,132,447,286831
Kaseko,767.516,31,184,453,283516
Niket,767.499,19,179,478,270499
The Mountain,767.198,73,90,203,491198
TopLop,766.577,31,136,444,291577
BioPanther,764.823,56,102,162,546823
Aincardz,764.219,98,118,227,439219
BartonaR,763.584,89,121,205,469584
TheSerius,763.419,84,122,187,492419
Shookz,763.374,93,92,207,463374
WARANGELUS,763.108,89,65,144,530108
Nyx,762.923,82,138,232,448923
Liivek,762.917,93,79,170,499917
Parus,759.865,38,160,454,267865
Miata,759.208,77,102,257,425208
Piku,758.559,95,88,235,428559
Kazunn,758.05,87,94,162,509050
Marlley,756.563,32,156,417,307563
kPr,756.0989999999999,82,55,137,537099
DrCalculus,755.564,68,130,141,546564
Yen,755.357,101,76,125,529357
Zothve,755.0219999999999,79,109,133,543022
Jalleba,754.856,113,65,132,509856
monkaS,753.592,24,145,474,255592
tomomaso,752.447,96,108,103,553447
Sebekx,752.361,91,62,136,525361
Wink,751.555,35,164,419,297555
Farfetch,750.95,37,149,484,229950
Kozak,749.601,94,41,111,544601
Courage,747.109,82,140,229,436109
Hery,746.675,60,100,160,526675
Soraaa,746.056,30,155,477,239056
Xiaoxia,745.982,27,174,460,258982
Nash,745.467,40,155,465,240467
David,742.502,85,97,140,517502
Nerion,739.794,98,182,229,412794
behave,738.769,98,130,224,416769
MyCash,736.685,68,90,154,514685
frosty,732.917,29,108,421,282917
Shredder,732.22,23,144,460,249220
Sw3ry,731.388,32,184,442,257388
MrFreezed,729.436,108,91,124,497436
Stray,729.143,89,104,115,525143
Eyla,729.064,32,144,427,270064
jokaa,728.4399999999999,85,120,216,427440
Goldenpenny,725.881,109,80,129,487881
Vlaren,725.829,45,128,376,304829
Bazz,725.181,76,55,93,556181
Passzi,724.933,37,171,446,241933
Hitsu,722.775,91,80,118,513775
Only35,721.906,23,158,438,260906
Toasty,721.824,101,48,128,492824
Slowz,719.963,109,78,115,495963
Seneca,719.796,33,95,451,235796
Horus,718.995,105,76,119,494995
AwerpiS,718.634,48,124,405,265634
FliiZee,717.2239999999999,106,35,120,491224
Fuuu,717.028,63,78,124,530028
Zyko,716.842,39,128,439,238842
Kokos,714.682,97,96,207,410682
Calmsky,711.823,35,171,396,280823
Fleshy,710.564,28,128,380,302564
Rafitta,709.052,106,38,140,463052
Baiye,709.016,90,65,110,509016
Polychiki,708.712,52,190,375,281712
Kaii,708.1800000000001,105,50,101,502180
IlllIma,706.756,77,114,126,503756
xMatty,705.624,108,53,137,460624
Highway,704.487,32,177,393,279487
MKR,700.267,78,69,129,493267
Drakehero,700.112,84,107,204,412112
0ri,699.651,113,128,181,405651
Naitz,698.617,66,64,112,520617
fishone,697.746,100,61,157,440746
RKR,697.131,50,106,111,536131
nvillada,696.699,67,79,135,494699
Klownz,695.825,29,172,396,270825
Pancake,695.621,87,68,179,429621
Kaboom,695.316,100,92,179,416316
EL,693.752,137,53,217,339752
Leleko,693.473,67,62,128,498473
Bradley,693.297,74,53,122,497297
Breezy,690.657,32,121,408,250657
Guwon,689.109,98,119,172,419109
BOO Blender,688.166,113,90,168,407166
Sobakk,686.691,31,180,381,274691
Urgaleex,686.09,99,101,99,488090
Sunblast,684.962,67,90,125,492962
Yusah,683.939,87,78,238,358939
Shu Hari,682.857,38,121,378,266857
Nata,682.826,97,51,110,475826
Twiizt,681.844,30,162,393,258844
Macaquino,681.594,51,89,108,522594
Shlatan,681.394,83,134,196,402394
Gastruks,680.1,29,128,429,222100
Mago,677.34,81,71,125,471340
VT Nangning,675.928,99,65,135,441928
Tahahy,674.962,32,149,418,224962
Anyyy,674.462,60,43,106,508462
Dec0y,674.11,54,85,87,533110
Kerry,672.578,57,234,343,272578
Sidav,672.223,115,68,126,431223
starkyy,671.639,61,105,131,479639
Levitate,671.449,91,54,124,456449
RustySniper,671.228,82,82,81,508228
Aegis,670.864,78,82,241,351864
Joekie,670.46,87,101,200,383460
Moham,670.426,22,148,400,248426
DG socceryakyu,670.35,135,46,168,367350
Yuuji,669.941,79,49,217,373941
Andathy,669.274,84,129,193,392274
Gaeng,669.065,26,228,386,257065
Ichiwin,668.798,20,98,438,210798
Ayel,666.884,86,72,145,435884
Zhuo,665.955,17,145,383,265955
justcan,665.92,24,140,414,227920
SanSan,665.907,81,93,216,368907
BVL udon,664.28,70,126,146,448280
Mirrowfox,663.645,89,64,109,465645
Minui,663.405,29,142,376,258405
HALdesu,663.295,90,97,224,349295
sanghyeon,663.138,26,119,429,208138
BVL uwaaaa,662.578,67,116,173,422578
CROmpir,661.698,82,26,117,462698
Deceiving,661.309,77,66,156,428309
Kruimel,660.555,84,39,112,464555
Trymbi,660.008,25,143,399,236008
Castle,654.975,62,108,75,517975
Linfeng,654.184,73,73,119,462184
Hygon,654.1,74,110,187,393100
Colomblbl,653.794,31,136,379,243794
Marvin,653.385,61,75,111,481385
Alive,653.222,91,59,122,440222
Sheiden,652.966,79,99,180,393966
Sudzzi,649.303,63,66,115,471303
Divine,647.918,78,64,115,454918
shochi,647.082,76,55,135,436082
Putin,645.893,64,87,110,471893
Instinct,645.886,84,51,98,463886
Rewound,645.009,88,61,227,330009
moe,643.651,72,129,232,339651
DG Etude,643.141,77,72,153,413141
Bio,642.681,79,131,191,372681
Tiphat,642.394,84,107,197,361394
Opeduy,640.188,84,66,110,446188
Koldo,640.01,68,103,209,363010
Baul,639.118,71,92,237,331118
Harp,637.8530000000001,34,141,349,254853
DG kumuo,635.773,106,41,163,366773
Sty1e,635.49,64,42,148,423490
raedz,635.179,74,39,117,444179
denizzz,634.311,78,90,195,361311
Kappa1,633.747,77,62,146,410747
Enjawve,631.518,26,183,363,242518
Paixdia,630.749,31,170,381,218749
Camana,630.587,87,49,128,415587
reje,629.591,85,83,94,450591
Namsi,629.136,25,199,379,225136
Dooly,627.854,71,78,120,436854
Peng,627.077,71,42,142,414077
Sadaz,627.016,90,54,118,419016
MnM,626.703,31,95,362,233703
Deidara,624.475,60,115,101,463475
ZaFiR,622.792,20,163,369,233792
Slayder,622.566,94,53,101,427566
Enricfh,620.1220000000001,78,97,218,324122
Zev,618.809,73,67,126,419809
Simpy,618.5980000000001,25,102,404,189598
Oddielan,617.92,57,80,217,343920
Sushee,616.927,88,28,106,422927
MrHB,616.862,87,51,99,430862
HNS Rumi,614.048,111,110,60,443048
Color,612.3779999999999,70,47,137,405378
Leo s Man,609.904,16,178,375,218904
micaO,609.867,99,45,124,386867
Sh3ry,609.639,73,92,205,331639
Barrage,609.627,62,97,105,442627
VT saru,608.161,93,76,119,396161
HONOR,607.564,17,147,292,298564
Popon,607.253,84,83,201,322253
SCARY,606.465,62,90,210,334465
Stend,606.2669999999999,18,156,338,250267
Fatorix,606.09,78,44,135,393090
Bananitoo,604.838,36,109,379,189838
Ceos,603.76,17,146,357,229760
vayu,603.699,50,99,100,453699
Mauki,602.897,62,60,112,428897
Malrang,599.859,49,98,216,334859
Joao,597.397,75,107,180,342397
Lojaz,596.472,60,127,190,346472
sucuranbul,593.432,55,102,140,398432
c0st0m,590.773,63,53,111,416773
Heng,589.385,58,87,173,358385
Sounda,589.144,56,76,210,323144
Mega,585.112,34,97,343,208112
Abbedagge,585.086,52,100,68,465086
BOO Razer,585.037,83,63,129,373037
Taicho,584.5070000000001,80,117,99,405507
Closer,583.44,67,61,204,312440
xiaofang,582.862,86,70,177,319862
Cripple,581.608,70,99,99,412608
Skyp,581.554,73,41,110,398554
wittman,581.0840000000001,108,47,82,391084
Guli,579.7049999999999,82,86,145,352705
Licorice,578.605,57,72,111,410605
Undefined,578.422,32,141,352,194422
DG hatinyang,574.681,84,78,138,352681
Frexey,571.125,73,61,94,404125
Buchi,569.543,52,82,96,421543
Janis,568.472,48,93,182,338472
BiIIy,567.149,73,65,232,262149
Tochas,565.793,26,135,330,209793
Ze Luis,564.764,26,107,332,206764
Arrietty,564.58,69,71,135,360580
Roi DEMON,563.337,64,81,156,343337
Overpow,562.593,58,44,91,413593
Jauny,562.551,63,39,141,358551
Neadz,562.405,80,48,96,386405
Obstinatus,560.793,27,121,331,202793
TheGreatGary,558.164,49,73,120,389164
Royeq,557.845,71,43,77,409845
Sweeho,557.677,69,42,107,381677
Smarty,556.908,24,154,327,205908
Worthless,556.597,64,41,134,358597
Vizzpers,555.126,69,76,77,409126
Krosak,554.319,65,94,120,369319
Camilonicolau,553.22,74,87,150,329220
Blueboar,552.7,67,88,223,262700
Luon,551.505,26,149,291,234505
Ryuk,551.149,80,31,94,377149
TolanD,550.489,44,58,122,384489
Momochi,550.2570000000001,13,126,338,199257
Lonely,549.451,55,95,100,394451
Daemi,548.284,60,63,91,397284
Mataz,547.682,77,48,191,279682
kkero,546.921,29,127,326,191921
Ariana,545.675,71,59,87,387675
OWLONSKY,545.073,81,55,174,290073
Akanania,544.557,81,45,113,350557
Leandrinn,543.798,88,64,74,381798
Kumew,543.644,69,36,96,378644
Lirua,542.399,24,234,307,211399
Slide,541.798,67,62,120,354798
Sjakal,541.0840000000001,85,116,136,320084
Isles,540.9739999999999,16,121,280,244974
Blind Walker,540.646,49,98,172,319646
MegaJ,537.879,56,90,124,357879
Busvicke,537.039,52,61,148,337039
Padawii,537.033,83,43,92,362033
Skude,536.359,54,95,164,318359
Kingsblade,536.162,48,61,126,362162
Makk,535.736,60,85,112,363736
Wolorz,535.1469999999999,63,35,122,350147
Fragola,535.005,49,94,181,305005
Philip,532.607,42,45,109,381607
Shini,532.543,63,80,147,322543
MDB,532.515,69,49,120,343515
Follow,530.897,67,60,171,292897
bakisa,528.89,89,64,90,349890
Pinkmin,527.965,26,91,309,192965
Cypher,525.854,68,42,88,369854
LP,525.597,48,51,93,384597
Manel,524.899,27,120,272,225899
KryRa,524.801,55,52,159,310801
KalenBoss,524.615,70,63,168,286615
Jenxas,524.2620000000001,79,75,137,308262
random,522.975,48,49,125,349975
Ardo,522.941,24,127,328,170941
Dandom,522.382,40,84,208,274382
BOO FuraFura,519.912,58,65,124,337912
Biskoo,519.569,18,169,300,201569
Seeker,518.985,49,88,89,380985
NattyNatt,518.621,55,70,176,287621
rovex,518.6,24,124,322,172600
LVS,518.409,55,63,84,379409
Gus,517.612,59,48,109,349612
Dragoon,515.096,48,90,82,385096
Lagolinas,514.904,71,67,138,305904
nicolaiy,514.442,83,54,170,261442
Sunfry,514.172,33,132,290,191172
Damage,513.851,23,122,310,180851
Unforgiven,513.725,61,76,172,280725
Lauxio,513.319,17,177,298,198319
Tory,513.313,64,45,112,337313
89,512.994,60,111,178,274994
Ganks,512.705,62,62,138,312705
Telas,509.566,26,74,305,178566
Gaëthan,509.461,73,55,87,349461
Biofrost,507.949,14,86,319,174949
Odessa,507.784,31,86,278,198784
SweetMilk,507.759,30,108,307,170759
Maru,507.293,83,82,151,273293
Mako,506.46,52,66,84,370460
Straka,505.275,60,56,113,332275
Daiky,503.58299999999997,78,52,144,281583
Myrtus,503.553,17,134,289,197553
Skeeto,500.048,61,44,84,355048
Warrior,499.861,54,63,98,347861
Jericho,499.576,57,76,101,341576
Carros,498.891,82,58,87,329891
ScienTrist,496.272,24,98,300,172272
Coldraa,496.133,53,34,102,341133
Iheb,495.605,19,123,325,151605
MAXI,494.498,60,60,144,290498
lobellan,494.274,41,77,92,361274
XiaoXiang,492.941,57,27,151,284941
Brizz,491.99,40,79,173,278990
Kaori,491.722,80,38,83,328722
Adiss,491.626,40,60,134,317626
Tayron,489.537,50,67,94,345537
NCP Nangning,489.324,69,34,83,337324
Balyy,488.903,67,43,128,293903
Kobbe,488.029,62,39,75,351029
Yoangi,486.253,66,35,97,323253
SeMike,485.716,54,64,99,332716
Shack,484.725,60,64,113,311725
selenex,483.739,31,92,73,379739
Kenvi,483.318,77,61,134,272318
Arp,481.746,76,78,142,263746
zay,481.56600000000003,20,111,249,212566
Satan,481.404,56,45,78,347404
REV,481.40299999999996,47,84,95,339403
Kocourek,481.135,49,86,210,222135
Hattor1s,480.637,71,58,74,335637
Pcelica,477.927,79,85,86,312927
Humzh,477.733,61,41,94,322733
Ajwad,477.34900000000005,74,51,141,262349
eXyu,476.353,38,117,134,304353
xiaohuangren,475.574,55,92,112,308574
DG applepasta,475.483,67,55,122,286483
Keel,475.415,45,98,129,301415
Tuercas,474.669,65,78,91,318669
Rwei,474.618,63,75,151,260618
DNTL,473.073,59,62,74,340073
Doni,472.349,45,46,115,312349
Nestea,471.238,65,54,102,304238
Tima,470.948,72,67,132,266948
Built,470.09499999999997,59,52,118,293095
Tumay,469.777,77,56,124,268777
Viciun,468.656,39,96,198,231656
Xayoo,468.513,48,44,106,314513
Stookbeer,467.80899999999997,21,85,290,156809
Shizika,467.64300000000003,58,103,96,313643
Mita,466.84,28,119,273,165840
YYG Magus,466.661,23,81,316,127661
Nomi,466.031,71,29,62,333031
Nary,465.841,48,59,109,308841
RedBert,464.987,21,102,267,176987
Lyonz,464.803,25,80,263,176803
xGenesis,464.418,53,65,103,308418
Paresz,462.3,67,60,151,244300
Leo,462.022,61,56,89,312022
SaintSamson,460.744,37,39,106,317744
Citrus,460.382,41,72,139,280382
Chance2Win,458.39,75,74,53,330390
Bandit,457.883,73,46,121,263883
Rahel,456.48,46,38,56,354480
Bruhruto,455.806,23,135,249,183806
Guppy,455.471,66,42,92,297471
Sunleaf,455.43,70,43,97,288430
CK GOMAMUGICHA,453.144,17,88,287,149144
Lilv,452.39,75,65,97,280390
Strava,451.517,43,93,83,325517
Ludas Matyi,450.672,30,73,269,151672
Shavo,450.463,35,67,116,299463
PiskHello,449.998,58,34,84,307998
LIDER,449.762,49,56,107,293762
Yuri,449.721,55,43,93,301721
Yaavi,449.55,54,40,70,325550
Mimic,449.471,57,44,91,301471
Sorrow,449.267,57,34,71,321267
Arnax,448.789,56,53,89,303789
Mikkel,448.58799999999997,75,28,95,278588
Endless,447.472,60,43,85,302472
Marrow Ooze,447.463,57,53,101,289463
YYG hourosummer,447.43600000000004,76,42,103,268436
Zuhy,446.723,65,31,86,295723
Guigs,445.808,24,100,220,201808
VK Fantasyleaf,444.863,39,71,67,338863
HAWHAW,444.609,55,44,72,317609
FoobaR,444.255,38,112,143,263255
Kaba,443.096,64,58,66,313096
Thien,442.724,44,49,98,300724
Mario,442.531,56,60,150,236531
hybradge,442.318,49,97,147,246318
Sh1vq,442.176,39,90,206,197176
Ranorr,441.969,18,68,274,149969
VaSKED,440.429,17,111,238,185429
Joki37,440.112,55,72,126,259112
Lyg,440.091,67,45,85,288091
Samkz,439.414,81,43,112,246414
Husha,438.144,57,71,131,250144
Hidan,437.454,47,66,60,330454
Baut,436.52,9,66,269,158520
Woldjo,436.266,58,96,134,244266
ProDelta,434.802,20,130,235,179802
Lost,431.78999999999996,62,62,85,284790
Elijah,430.897,45,35,55,330897
Hyorai,430.444,18,98,231,181444
charlotte,429.917,52,36,98,279917
Urban,428.229,20,61,234,174229
Vares,427.589,46,44,82,299589
Loers,426.44,53,59,69,304440
NCP saru,425.151,54,45,75,296151
HNS Nakamoto,424.795,32,134,71,321795
Qubi,424.483,55,75,76,293483
Vodin,422.50399999999996,39,71,73,310504
DOMOLES,421.083,56,41,83,282083
Shimmer,419.889,59,64,125,235889
Hakari,418.839,44,51,84,290839
Soweto,416.85699999999997,45,60,119,252857
Violet,416.347,60,39,69,287347
Photic,415.372,35,51,48,332372
BOO Snow Panda,415.36,27,101,224,164360
Peaker,415.238,58,31,75,282238
JayJay,414.7,47,54,108,259700
RPG McGrath,414.634,36,137,145,233634
Sahl,413.466,16,91,250,147466
Fikus,413.42,42,96,79,292420
Kina,412.515,45,47,87,280515
Cyku,412.135,71,33,90,251135
Knighter,411.618,44,37,88,279618
Senmary,411.49399999999997,55,23,78,278494
K1ng,410.902,56,47,57,297902
skakavka,410.33799999999997,51,32,63,296338
Nannini,408.995,41,32,83,284995
Ophelia,408.384,34,50,56,318384
Leo D Aras,408.01300000000003,13,93,242,153013
Kodo,407.43,46,40,67,294430
Shakur,406.639,63,48,61,282639
Pericolo,405.81,55,34,86,264810
Icytower,404.702,57,30,60,287702
uroskg,404.401,61,118,111,232401
dyNquedo,403.27099999999996,41,39,81,281271
Kaido,403.16200000000003,53,61,131,219162
Joexy,402.772,13,116,228,161772
helforca,402.423,39,53,71,292423
Danilo,402.389,42,41,104,256389
MasuHana,400.766,59,45,83,258766
Petoska,400.232,41,59,49,310232
SniIIer,399.323,26,136,203,170323
rajed,398.906,40,69,57,301906
Ablazeolive,398.503,48,30,69,281503
Rayming,397.939,60,42,79,258939
Anthrax,397.541,18,87,222,157541
Hid0,397.186,59,18,79,259186
CK Saba,397.128,46,39,62,289128
V1per,397.01,77,32,73,247010
Ralf,396.651,49,35,81,266651
D1verse,396.017,39,66,58,299017
Slyv3r,394.692,59,19,104,231692
FS ChallenQ,394.432,78,25,43,273432
LightFall,393.901,38,38,71,284901
SwiT,393.227,35,64,104,254227
koisi,392.432,33,70,166,193432
Yuta,392.317,36,71,134,222317
BKD Eria,392.272,43,36,76,273272
XerRay,391.92,15,72,246,130920
AlluK,391.168,42,67,116,233168
Buero,390.96,68,54,66,256960
Bala,390.365,39,40,80,271365
Sprotte,389.37,43,51,63,283370
Perkz,389.343,51,35,60,278343
Zhayend,385.596,29,68,95,261596
Baki,384.745,47,42,78,259745
Banderas,383.193,36,60,74,273193
Loopy,382.744,13,150,196,173744
Aladoric,381.916,18,53,226,137916
Regi,381.649,46,62,90,245649
Leemas,380.178,34,45,52,294178
Lucy,379.793,39,39,54,286793
chips,379.769,52,24,65,262769
Ivok,378.937,36,80,54,288937
Sined,378.908,35,54,78,265908
chilioil,377.648,60,32,67,250648
Nisqy,375.929,22,103,200,153929
Fatihcan,374.997,38,49,136,200997
Apatheia,374.321,42,67,122,210321
Parukia,373.325,21,69,239,113325
2Guns,373.058,38,24,73,262058
Exile1,371.829,57,73,115,199829
Bangin,370.226,35,67,74,261226
jmz,369.184,53,38,43,273184
D4SH,366.821,59,50,110,197821
Paparotis,366.473,21,61,91,254473
Cherry,366.394,18,98,201,147394
Destroy,365.681,30,48,97,238681
Dream,365.603,47,37,69,249603
NvN,365.217,32,57,97,236217
Floris56,364.857,46,31,68,250857
DM ping,363.344,72,31,45,246344
Pikii,363.18399999999997,39,57,66,258184
escoX,362.983,15,126,198,149983
Xiaomi,362.907,58,53,107,197907
Execute,362.682,11,129,205,146682
Dehaste,362.498,32,22,91,239498
GoDirr,361.687,38,47,63,260687
Archfiend,361.187,36,57,85,240187
Pockus,361.094,15,98,194,152094
Will,359.72,45,41,116,198720
Jimsnop,359.651,50,58,67,242651
Nitz,358.797,41,47,58,259797
Phoenix,358.777,33,65,55,270777
Ligen,358.398,41,43,99,218398
Artoria,358.179,38,42,53,267179
Wasteland,356.808,45,35,89,222808
MadDogg9,356.623,51,39,84,221623
IDA,356.57,54,32,66,236570
Yur4ik,356.186,25,62,187,144186
KoxTroll,355.817,48,54,105,202817
OrthoZero,355.205,18,108,204,133205
Sintax,354.969,43,53,71,240969
Rang,354.941,50,59,111,193941
huhi,354.261,11,118,166,177261
Kackos,354.048,27,51,74,253048
Himmel,353.49,44,32,92,217490
freaky dao,353.28700000000003,42,61,105,206287
uden,353.157,13,95,191,149157
Fishireal,352.618,40,47,67,245618
Mixtsure,352.473,17,60,196,139473
Makitah,352.42,46,32,60,246420
Dinastik,350.11899999999997,41,35,58,251119
Doxy,349.716,41,38,56,252716
Elix1r,349.221,50,62,113,186221
Neo,347.96799999999996,51,45,70,226968
Duduhh,347.88599999999997,36,27,65,246886
MélyaP,347.671,48,27,61,238671
D4rtaine,345.399,39,38,73,233399
Winsome,344.794,10,55,233,101794
Évangelyne,343.7,55,14,88,200700
CaptainSexy,343.076,54,41,56,233076
LDK,342.401,28,66,205,109401
Prage,342.171,44,64,71,227171
Piccolo,341.109,23,82,200,118109
Bojji,340.952,53,50,96,191952
linn,340.856,62,34,65,213856
Yerikan,340.547,12,50,182,146547
Wrongo,340.278,12,81,211,117278
isaN,340.143,45,45,99,196143
OvO,339.183,15,70,218,106183
zeen,338.108,61,47,94,183108
AisyL,336.69,45,32,78,213690
Master Jos,336.485,36,39,81,219485
DoubleB,336.332,42,66,58,236332
HNS R1to,335.421,27,80,56,252421
HAKA,335.094,25,60,85,225094
BVL uwaa,333.914,53,42,57,223914
Pulzer,333.81600000000003,50,30,36,247816
Yume,333.71299999999997,16,107,194,123713
Zenoken,333.492,34,61,111,188492
Tatsu,333.016,37,30,113,183016
smifi,332.973,19,119,194,119973
Necro,332.66700000000003,45,29,72,215667
Lime,332.639,36,27,95,201639
Sleepy,332.359,36,38,53,243359
Kubus,332.307,26,50,54,252307
Coward,331.178,59,37,90,182178
Ouzi,330.663,52,38,64,214663
Relaxing,329.80499999999995,48,18,64,217805
L1f,329.644,36,24,72,221644
Ninefog,329.52299999999997,46,24,61,222523
Xay,329.15500000000003,53,24,55,221155
DG Wing,329.137,51,22,86,192137
DG W1ng,328.486,49,24,53,226486
Molanes,328.38,33,48,112,183380
Rosa,328.245,41,55,62,225245
HNS ekkusu,327.226,29,112,103,195226
Robenong,326.902,40,43,63,223902
Guubi,325.54,30,77,94,201540
Peco,325.244,27,32,68,230244
Kobs,324.964,38,61,100,186964
Azu,323.32399999999996,60,41,74,189324
Aitlade,323.159,48,34,57,218159
Vit,323.009,56,33,81,186009
Xen0gan,322.564,30,47,72,220564
Pann,320.519,10,28,205,105519
VT Magus,320.116,17,61,188,115116
MG QTC9,319.621,58,33,55,206621
Nukez,318.542,21,76,164,133542
Gilito,318.21999999999997,17,72,189,112220
Whyx,317.81,21,79,180,116810
Deepe,317.647,35,24,74,208647
Waterbender,316.779,39,29,51,226779
konseki,316.247,25,85,165,126247
Kindless,316.212,46,27,57,213212
kairi,316.081,20,90,171,125081
Deadhound,316.025,47,41,51,218025
Rhino,315.371,18,82,166,131371
Turtle,315.225,33,43,72,210225
Ihy0,314.373,38,49,73,203373
Aymen,314.108,18,67,193,103108
BVL Fantasyleaf,314.043,32,49,61,221043
gtrik,314.005,40,40,63,211005
Bambi,313.645,27,35,62,224645
miflond,313.47700000000003,40,68,106,167477
PO8,313.359,33,29,63,217359
Caner,313.306,55,26,56,202306
Tyrion,313.198,38,30,121,154198
Thoryn,312.261,41,29,71,200261
Diamond,311.933,13,54,168,130933
Coated,311.577,37,49,68,206577
Lazarus,310.9,48,47,35,227900
Levizin,310.45,35,44,117,158450
Ghost,310.29200000000003,48,6,60,202292
Zankiller,309.939,36,47,113,160939
Babuleh,309.051,36,42,46,227051
Rozpier,308.863,10,45,210,88863
Franky,308.547,41,39,68,199547
Kwebz,306.456,16,69,174,116456
Lvsyan,303.918,41,22,57,205918
Infinity,303.899,45,46,81,177899
DM SUISEI,302.16200000000003,52,42,73,177162
Perry,301.36400000000003,32,27,106,163364
Marzo,301.17,41,16,45,215170
MrJackson,300.701,51,37,66,183701
Yuanyue,299.503,35,36,74,190503
child,299.03,30,76,155,114030
Lozer,298.763,52,51,59,187763
Ever,298.735,53,61,71,174735
Seize,298.176,34,40,93,171176
Kotvyc 74,297.328,43,28,52,202328
Electro,296.985,32,54,49,215985
OverT1me,295.334,18,119,145,132334
Hika,295.137,32,27,45,218137
Minous,294.969,15,62,149,130969
Morfan,294.906,44,31,62,188906
ArQuel,293.837,26,62,70,197837
Tenshi,293.10699999999997,18,48,49,226107
Steller,293.009,25,31,60,208009
Xinshou1,290.743,54,69,66,170743
P9,290.497,45,41,90,155497
Yasikof,290.229,47,33,82,161229
Six0x,290.042,38,18,42,210042
Luca Brassi,289.738,48,31,52,189738
Soul,289.646,21,71,162,106646
Tianzhen,288.755,36,52,104,148755
Astrai,288.276,15,57,174,99276
Weiwei,288.137,29,55,78,181137
Roo,288.053,18,60,182,88053
Taxvig,287.879,32,53,94,161879
VK udon,287.30600000000004,19,52,64,204306
Tyrone,287.074,48,10,65,174074
Sora,286.908,28,47,39,219908
Lofti,286.387,29,39,39,218387
Reaper,286.347,33,47,121,132347
Mikusik,285.122,58,45,52,175122
Bardito,284.697,10,53,158,116697
sinian,284.483,40,24,80,164483
Hades2,284.00800000000004,30,66,97,157008
Bumblebee,282.953,37,26,56,189953
Beluga,282.547,37,20,61,184547
RPG Nakamura,282.499,51,54,29,202499
Mission,281.857,27,58,58,196857
qiuyu,281.612,31,33,72,178612
DoubleAces,281.326,28,28,104,149326
Air,280.31,24,41,52,204310
Coli,280.064,10,84,166,104064
SQG Lunatic,279.542,39,34,48,192542
Robertoos,278.579,11,59,157,110579
GZ Herma,278.407,36,20,50,192407
Mio7,276.978,28,33,66,182978
Rhuckz,276.032,10,60,172,94032
Pyrka,275.605,17,36,172,86605
sorrow,275.529,36,36,81,158529
Tore,275.294,14,32,166,95294
Raizy,274.18899999999996,24,41,25,225189
Artanis,273.583,26,51,96,151583
Hustlin,272.926,12,55,173,87926
Tigrot,272.513,10,66,183,79513
Buggax,272.244,40,21,41,191244
Beyond,271.852,27,75,60,184852
FS Oliv,270.575,25,32,78,167575
Mildorff,270.367,24,33,71,175367
Matsukaze,270.331,31,15,41,198331
Alan,269.949,32,23,56,181949
Ozgur,269.701,36,26,43,190701
Spawn,269.63,40,15,41,188630
CK Ls ,269.593,10,95,163,96593
Yanxiang,269.53499999999997,35,21,95,139535
BOO rururu,269.097,41,26,69,159097
Efias,268.835,16,51,153,99835
NCP Sassappel,268.834,30,51,104,134834
Tenacity,267.204,25,28,48,194204
Poipi,267.168,9,83,155,103168
GRX,266.734,38,36,88,140734
Ipecacuhana,265.937,21,70,137,107937
Phyraxx,265.868,30,28,52,183868
Tea0r,265.639,35,48,57,173639
Enthralled,265.565,29,33,56,180565
Young,265.445,31,26,67,167445
L1,265.385,15,89,150,100385
SQG ATRanD,265.21,17,36,70,178210
Peach,265.136,32,32,93,140136
Nade,264.84000000000003,11,64,148,105840
IHEBIC,264.552,20,59,153,91552
Vuxan,263.966,33,63,68,162966
Rito,263.844,6,25,192,65844
Yoshida,261.521,36,41,66,159521
Juliera,261.483,32,18,41,188483
KCH jericho,261.256,19,23,58,184256
EG Ratel,260.697,41,39,50,169697
Enkil,260.461,11,49,162,87461
BVL Fake1,260.317,14,85,147,99317
Dome,260.294,39,33,76,145294
Guanch0,259.868,39,33,52,168868
HNS phast,259.404,12,88,142,105404
Alén Stark,258.702,26,38,49,183702
Hamsi,258.678,15,36,66,177678
Richu,258.587,8,70,160,90587
LANDY,258.58,19,22,24,215580
meight,258.484,25,33,71,162484
Enigma,257.641,21,31,41,195641
Pedrolo,256.378,25,42,43,188378
Wendel,255.959,17,63,143,95959
Jungoat,255.7,31,38,94,130700
Xavi,255.477,10,71,151,94477
Mir,255.301,37,58,63,155301
Fame,255.003,23,56,82,150003
kamilius,254.811,16,51,153,85811
Kheng,254.643,41,49,76,137643
Eski,253.721,13,39,144,96721
Mis,253.364,21,28,38,194364
alishor,253.329,26,50,57,170329
Ryo,252.316,44,43,72,136316
Nia,252.088,39,25,58,155088
Ripper,251.786,43,27,40,168786
Thumb,251.555,9,92,129,113555
Unicow,251.426,28,29,19,204426
Torak,250.964,32,23,48,170964
FireAscept,250.89499999999998,25,40,45,180895
BVL Snow Panda,250.537,11,63,150,89537
Dawn,250.131,32,15,62,156131
Scuffed,249.90300000000002,22,39,52,175903
Bf,249.819,15,66,118,116819
Sangrod,249.249,37,32,48,164249
Marzaya,248.846,41,44,44,163846
Zero,248.31,41,17,47,160310
NCP Lchallenge,247.813,12,53,140,95813
RealR,247.482,39,35,81,127482
Chompy,247.456,22,30,49,176456
Randal,247.204,28,51,83,136204
Hylissang,246.317,13,76,153,80317
iyy,245.782,23,53,78,144782
Matixx,244.019,39,13,55,150019
Raydell,243.641,38,34,86,119641
Roobin,243.606,19,39,32,192606
Lelouch,243.387,23,33,29,191387
VEL tetu,243.279,31,31,30,182279
ZUIAN,242.876,35,22,38,169876
Grèédy,242.829,16,99,129,97829
mikasa,242.659,26,31,91,125659
Pooya,242.554,40,12,60,142554
Henli,240.606,34,23,47,159606
Stunt,240.51999999999998,11,21,157,72520
Nova,240.46599999999998,10,60,153,77466
Jcom,240.459,41,30,69,130459
Banino,240.445,12,58,134,94445
Danden,239.052,22,40,79,138052
EdbyK,238.90699999999998,18,34,64,156907
BKD Meii,238.475,37,47,78,123475
Jellou,238.014,12,57,117,109014
xinsheng,237.29000000000002,28,26,65,144290
DCT JDD,237.158,43,21,30,164158
Diva,237.02499999999998,43,24,38,156025
Later,236.738,38,23,49,149738
Wuanted,236.72899999999998,32,40,70,134729
Heru,236.648,26,28,45,165648
Rias1,236.546,27,22,30,179546
Fush,236.25,35,41,56,145250
Varin,236.12099999999998,4,59,144,88121
PCS OQ67,236.115,40,46,62,134115
BANKAI,235.734,28,19,43,164734
Sehun,235.63299999999998,36,25,56,143633
Mimosa,235.412,28,14,51,156412
Oceann,234.74200000000002,19,45,56,159742
Conformista,234.722,28,28,39,167722
EN,234.569,14,130,132,88569
Oguzkhan,234.482,28,20,88,118482
VEL BEEHIV3,233.04500000000002,23,36,46,164045
looki,232.96800000000002,37,16,32,163968
KT A FenRir,232.867,33,29,39,160867
Selxiss,232.25,28,36,73,131250
cc,231.68099999999998,34,30,67,130681
BKD anakin,231.403,10,45,123,98403
Starhide,229.429,11,50,151,67429
Vander,228.841,16,51,135,77841
Yohan,227.586,40,37,55,132586
MG Selxiss,227.083,37,32,80,110083
Azuka,226.254,31,30,42,153254
CBL,225.542,9,44,138,78542
BLS TaiTa,223.69400000000002,34,32,21,168694
Paladin,223.37,25,16,51,147370
AIM4,223.331,19,30,36,168331
Ancrath,223.162,27,32,48,148162
Scars,223.141,42,26,21,160141
Fireblade,223.084,27,25,58,138084
bat,222.906,26,34,44,152906
BLS Fantasyleaf,222.811,16,48,25,181811
Kaplica,222.128,17,39,31,174128
GZ Gon,221.803,26,28,74,121803
Bust,221.37,22,27,38,161370
Adizai,220.947,17,49,39,164947
Carim,220.60999999999999,22,32,64,134610
Dextyle,220.393,8,61,123,89393
nrmn,219.885,28,22,48,143885
Nasser,219.691,28,48,65,126691
Deceller,219.046,27,45,59,133046
Dawi,219.015,25,33,21,173015
Jarvis,217.27,20,48,59,138270
Tyr,216.218,7,64,129,80218
Chryssey,215.31,34,24,24,157310
Bolyy1,214.986,6,42,141,67986
NowFin,214.656,33,40,66,115656
GaraXy,214.401,15,30,84,115401
Crow,214.326,21,48,110,83326
EG Yuta,214.238,32,36,38,144238
Zeypher,213.732,33,20,43,137732
BVL GOODTRY,213.459,14,46,125,74459
Drannarith,212.565,14,35,116,82565
TQ,212.47,8,58,132,72470
Pigeonx,212.12,4,89,124,84120
Mystiques,211.956,12,76,112,87956
Miracle,211.01,5,46,139,67010
EG Digit,209.99400000000003,24,23,56,129994
Tayto,209.79,27,29,33,149790
BKD yokiha,209.772,18,43,48,143772
Boohis,209.505,7,38,132,70505
Fool,209.448,16,69,114,79448
Rutzou,209.292,12,34,114,83292
Cristonex,208.922,21,40,47,140922
Gato,208.762,10,34,124,74762
Jeyrus,208.555,30,19,26,152555
Don Ponk,208.374,13,55,109,86374
SM,208.26,35,17,40,133260
Wenjian,207.922,27,35,76,104922
ZeuSs,207.31900000000002,33,20,39,135319
Kelpo,207.287,11,50,121,75287
Zaiiche,206.821,21,27,34,151821
VLY Ryo,206.349,40,22,47,119349
Fred,206.172,29,17,53,124172
Ersin,205.474,18,29,57,130474
Be,205.441,21,15,63,121441
Cipher,205.006,31,37,35,139006
Raijin,204.344,8,49,126,70344
Anato,203.963,35,33,58,110963
PCS OQ34,203.942,33,17,45,125942
PCS OQ63,203.0,28,30,40,135000
Zoiren,202.726,23,34,26,153726
Maxterium,202.051,13,56,110,79051
Fortu,201.031,9,57,103,89031
MAT,200.626,14,52,48,138626
DM poshigi8,200.191,43,11,45,112191
froy,200.034,30,35,44,126034
Mikano,199.863,14,28,36,149863
NoDu,199.749,9,47,113,77749
RPG claude,198.855,24,45,38,136855
Fluffy,198.851,15,28,46,137851
RPG Kiwi,198.656,29,44,51,118656
Kolios,198.29500000000002,6,57,111,81295
Mood,197.15800000000002,17,61,94,86158
BrokenSword,196.897,27,28,40,129897
JustFocus,196.788,9,29,126,61788
IntoxqZz,195.949,23,26,40,132949
Atat,195.45499999999998,8,34,118,69455
Barry,195.068,15,39,100,80068
YYG Tory,194.13400000000001,25,20,42,127134
Zerito,193.535,18,19,30,145535
Narttaker,193.448,24,17,38,131448
Kiki,192.973,25,41,67,100973
TENG,191.734,8,21,137,46734
RPG Kikumin,191.155,17,44,52,122155
Benda,189.817,18,14,34,137817
Rosielove,189.697,5,50,95,89697
ZiYe,189.233,21,36,93,75233
Dipi,188.906,25,16,38,125906
Astrasmaug,187.782,21,25,29,137782
LeoLeCargo,187.37199999999999,6,64,114,67372
Alaric,187.153,8,24,115,64153
Shoiti,186.972,10,44,97,79972
Deletus,185.96699999999998,27,28,50,108967
Rilski,185.955,9,59,108,68955
Ninten,185.246,9,41,76,100246
SQG petal,185.245,24,29,70,91245
Ferrari,185.187,19,37,74,92187
Cruse,184.684,19,23,26,139684
CHECKFIDER,183.805,18,34,28,137805
Hamudis,183.304,30,51,28,125304
Alleycat,183.276,19,23,32,132276
Gaarfield,182.816,11,38,95,76816
putaogou,182.257,29,32,47,106257
RAFBIN,181.608,20,20,19,142608
Void,181.324,34,16,29,118324
RPG sign,181.284,11,40,40,130284
9eetoo,180.864,14,25,24,142864
Clayce,180.49099999999999,14,34,35,131491
BLS shironeco,180.18099999999998,18,57,21,141181
SkyMind,179.62,14,26,52,113620
v1SaG3,179.459,17,30,21,141459
Benny,179.364,40,13,52,87364
Ducks,178.63500000000002,9,59,97,72635
Stalken,178.149,27,20,31,120149
VEL Lambda,178.11599999999999,21,35,34,123116
DNF Euphoria,177.805,25,15,33,119805
bicas,177.531,24,27,58,95531
Hran,177.082,34,10,38,105082
Argonauta,176.845,4,39,112,60845
GianKios,176.37099999999998,18,29,39,119371
Tada,176.192,16,45,19,141192
RPG hanya,175.565,16,49,36,123565
KT A Ripple,175.162,25,17,27,123162
Gryffinn,174.618,21,30,49,104618
Ryan3,174.438,25,16,30,119438
Rashiro,174.289,27,15,41,106289
Kirei,173.791,18,31,54,101791
Hax,173.412,35,23,27,111412
Bitse,173.174,14,38,50,109174
Abner,173.07999999999998,40,9,25,108080
Benaset,172.539,5,73,88,79539
Lorenz,172.123,9,73,74,89123
Today,171.699,8,29,109,54699
Dyego,171.428,28,33,17,126428
ptt,171.129,17,42,16,138129
wild,170.971,33,21,31,106971
Maty,170.621,7,33,89,74621
Kotva,170.60500000000002,5,46,103,62605
Genos,170.171,19,24,39,112171
NGU Slowz1,169.831,27,18,24,118831
Dino,169.353,24,44,37,108353
Maple,169.315,8,26,24,137315
PCS OQ61,168.952,26,32,39,103952
Relax,168.177,11,49,104,53177
LL,168.131,22,13,32,114131
Dinai,167.554,31,22,43,93554
juny,166.67000000000002,13,38,52,101670
HC KZT,166.64499999999998,29,21,37,100645
curty,166.591,16,24,17,133591
NGU PeterL,166.544,27,17,25,114544
Jelly,166.397,8,30,105,53397
RPG petal,164.714,27,32,34,103714
Mun,164.518,5,39,94,65518
DK Seonwoo,163.124,34,6,37,92124
Egotistic,162.897,22,19,32,108897
Deliverzz,162.644,22,40,47,93644
Nasut,161.773,17,50,35,109773
CrAzY,161.446,26,20,36,99446
ThayT,161.054,21,29,42,98054
PCS OQ31,160.896,13,15,38,109896
MaxouTigrou,160.851,16,34,52,92851
KT A Soft,160.798,22,22,54,84798
Slowyng,160.139,13,23,68,79139
VK peakey,160.101,7,51,105,48101
Mettalica,160.098,30,19,18,112098
DM StarRanger,160.038,21,14,41,98038
april,159.824,5,53,95,59824
PME Den,159.61499999999998,17,25,35,107615
VG thoc,159.462,21,20,31,107462
JuanDeDios,159.08,14,16,37,108080
Akrantor,158.644,13,18,45,100644
NGU Warrior1,158.45600000000002,18,26,45,95456
Zezin,158.44799999999998,11,23,35,112448
VEL Skinny,158.313,10,47,57,91313
Ceasarna,157.341,26,15,46,85341
Egnom,156.969,29,23,26,101969
Jiux,156.806,22,25,30,104806
Manolito,155.918,9,28,49,97918
Dezo,155.627,23,20,23,109627
Cryogen,155.189,4,37,81,70189
DRX XeRone,154.906,24,18,21,109906
Sikterr,154.481,19,21,56,79481
PCS OQ33,153.998,25,19,28,100998
Robko,153.983,9,29,97,47983
BLS 1KK1,153.947,11,59,45,97947
PCS OQ32,153.587,13,16,67,73587
Unchained,153.522,24,23,20,109522
Rhythm,153.203,15,23,18,120203
LUP KDavid02,152.349,27,23,26,99349
HM Delta 1,152.344,22,14,32,98344
Jerry,152.338,2,22,102,48338
Baula,151.972,4,20,99,48972
Birkyy,151.611,17,12,43,91611
VietThanh,151.538,10,36,33,108538
WP rcg,150.507,10,17,37,103507
Crecre,150.434,1,38,98,51434
Ninji,150.012,16,32,32,102012
Kita,149.895,2,32,97,50895
GZ Kin0,149.687,5,24,83,61687
EG ZeeTee,149.271,3,41,98,48271
Hyper720,148.803,13,22,31,104803
PCS OQ65,148.787,8,36,84,56787
APE Thorfin,148.361,25,14,53,70361
ESBA DON ADY,147.341,25,13,21,101341
xLiang,147.014,27,13,18,102014
Wingate,146.895,16,36,51,79895
PME Zoro,146.407,19,26,20,107407
JiaHao,146.365,24,18,19,103365
GGA Hosanna,146.137,5,27,91,50137
Vinicete,146.07500000000002,13,36,46,87075
Slice,145.978,16,34,36,93978
Burence,145.902,4,60,90,51902
GZ Frozen,145.09,11,33,83,51090
hammerul,145.01,19,32,40,86010
Adryh,145.008,10,36,20,115008
WeeDnek,144.775,15,70,38,91775
HAP Dishonored,144.417,28,19,27,89417
VG dd1,144.367,25,18,33,86367
Whynot,143.69,13,30,52,78690
DrSaw,143.407,15,28,28,100407
Verdes,143.144,10,27,26,107144
Destru,143.136,26,8,31,86136
Exduardo,142.911,28,18,29,85911
Dawerko,142.791,9,28,51,82791
Gremy,142.23000000000002,16,46,33,93230
Likeamaws,140.491,13,24,25,102491
Lil,139.838,20,26,42,77838
AnnieBot,139.669,17,22,16,106669
Redfernal,139.052,2,29,89,48052
KT A Cid,138.827,14,26,32,92827
SQG Ls,138.60500000000002,5,35,84,49605
Dreilix,138.55,21,20,9,108550
Aitze,138.411,20,12,37,81411
DIV Pro Hanter,138.27100000000002,26,8,11,101271
KDavid02,138.132,18,19,35,85132
Zerberus,136.988,17,23,28,91988
Eskiper,136.698,7,48,77,52698
Malala,136.683,6,43,78,52683
Hypa,136.411,18,43,14,104411
Reedfoo,135.912,20,16,25,90912
DRX Sun eater,135.901,14,23,34,87901
Frappii,135.666,18,11,19,98666
Bladeshow,135.48999999999998,30,22,22,83490
Kerraii,135.403,10,16,41,84403
Sh0Fty,135.378,2,25,93,40378
Tobi,135.261,14,23,58,63261
Gom,135.254,9,42,72,54254
SCBC Bojji1,134.422,17,11,46,71422
Sriffow,134.052,15,32,40,79052
Tele,133.836,21,12,19,93836
Xiao,133.755,15,27,35,83755
JForteX,133.572,9,25,77,47572
Dragneel,133.41400000000002,7,25,30,96414
BCE Blesia,132.806,17,12,13,102806
Ferenc,132.344,12,25,22,98344
Paolocannone,132.147,8,50,74,50147
TheHank,131.994,6,28,72,53994
Watket,131.636,2,40,74,55636
JiT,131.317,14,16,28,89317
ThunderPeng,130.907,5,25,73,52907
Ethe,130.702,8,36,12,110702
Rexat,130.606,9,37,70,51606
Whale,130.568,14,24,20,96568
Steellar,130.162,13,24,22,95162
Hunt,130.09799999999998,22,20,32,76098
Ty,129.34,18,25,34,77340
amatsusune,129.289,15,9,20,94289
zzeta,129.135,12,24,17,100135
STank,129.096,5,26,42,82096
Milan,128.56,10,10,42,76560
PME Asykz,128.409,13,6,30,85409
PAPU Raviool,128.082,14,29,23,91082
Garank,127.676,5,54,58,64676
Berik,127.196,16,14,16,95196
IanaTheAlpha,126.993,3,25,83,40993
Free,126.95599999999999,17,8,26,83956
Quokka,126.607,18,23,14,94607
Thominhas,126.54899999999999,8,34,75,43549
HLE Eclipse,126.521,24,14,31,71521
Tazaku,126.366,21,8,13,92366
SAD Raizy,126.183,14,12,24,88183
Toxy,126.102,18,12,31,77102
Sobek,125.99000000000001,17,17,38,70990
Mac Abert,125.875,12,20,43,70875
Vikes,124.83699999999999,19,25,17,88837
Autophil,124.753,17,23,42,65753
Thorfin,124.15,18,31,38,68150
KJ Yikesuo,123.89699999999999,12,10,28,83897
Wos,123.699,1,56,71,51699
Lele,123.208,6,32,72,45208
Guirlande,122.86,14,28,41,67860
beishang,122.679,12,17,32,78679
JokerHan,122.62599999999999,15,9,20,87626
Humble,122.17200000000001,15,18,24,83172
Valehir,121.747,5,38,61,55747
Lio,121.67699999999999,9,32,30,82677
Munet,121.092,22,45,32,67092
HNVR storm,120.969,20,14,26,74969
Renewal,120.211,15,23,29,76211
Haoswen,120.02199999999999,2,30,78,40022
Speedy,119.733,9,37,39,71733
Sola,119.54599999999999,21,18,32,66546
Droekt,119.34400000000001,7,32,34,78344
Hollow,119.064,9,17,36,74064
Kongyue,119.006,19,39,31,69006
Tide,118.181,17,10,30,71181
DDicent,117.99199999999999,20,18,37,60992
JaVaaa,117.38300000000001,10,26,24,83383
Taco,117.298,18,21,23,76298
CbhhuZi,117.13900000000001,3,31,74,40139
VEL fuki,117.107,6,47,58,53107
ffernandes,116.89,10,14,19,87890
DANKI,116.316,6,9,29,81316
Xiaorui,116.252,11,10,29,76252
Mishal,116.078,7,29,61,48078
SC Alex,115.57600000000001,14,16,15,86576
Ephekles,115.36200000000001,4,34,72,39362
NBA,115.124,16,4,18,81124
FUE Devost,115.077,15,10,25,75077
qlibali,114.426,19,26,23,72426
Demoncior,114.38300000000001,18,23,15,81383
ST3PZ,114.099,14,12,16,84099
Nobody,113.943,19,11,17,77943
DK Nevid,113.82300000000001,19,13,24,70823
Bloopy,113.549,9,26,60,44549
Early Bird,113.531,10,15,16,87531
PCS OQ35,113.049,9,21,64,40049
LGR Porttinari,113.02,20,21,11,82020
Valenjin,112.05000000000001,4,28,60,48050
Sala,111.96799999999999,17,22,14,80968
Santa,111.63,6,24,38,67630
DarkBlue,111.47500000000001,18,11,16,77475
HST DinhViet,111.244,15,19,23,73244
NGU Kngo1,111.12400000000001,10,14,22,79124
Dorian,110.643,5,11,81,24643
HNVR Boempel,110.09100000000001,15,18,32,63091
LUP Jayquan,109.991,14,19,36,59991
Jwic,109.99000000000001,16,23,41,52990
HNS tetras256,109.676,6,22,25,78676
Meoow,109.606,19,14,29,61606
Blackout,109.434,11,17,28,70434
GLE notiim,109.154,21,6,16,72154
DonJake,109.086,18,37,25,66086
goose,108.893,13,31,32,63893
Nightstar,108.758,7,14,24,77758
Wenbo,108.737,16,19,21,71737
Dro,108.458,13,21,19,76458
Bible,108.389,2,35,71,35389
Degh,108.263,11,10,28,69263
Striker,107.925,13,19,33,61925
HST Wady,107.904,16,14,28,63904
Akre,107.76400000000001,15,9,24,68764
NGU Souma,107.44900000000001,10,13,24,73449
Biob,107.344,9,27,59,39344
Qing,106.68100000000001,16,10,22,68681
Matty,106.641,11,20,32,63641
Liangchen,106.41,12,8,24,70410
LLH Doma1,106.35,14,12,30,62350
SzfyLan,106.266,4,41,61,41266
PAPU Nithral,106.231,12,14,12,82231
TF Temper,106.044,10,11,26,70044
Keptt,105.65100000000001,18,11,12,75651
DRX Nerion,105.569,9,21,38,58569
Razer,105.503,19,13,17,69503
GLR RonyG,105.02199999999999,8,22,13,84022
Escanor,104.77000000000001,5,33,22,77770
DK Shadow,103.864,3,9,76,24864
VLY hachim1,103.634,16,9,35,52634
Fishue,103.224,20,19,24,59224
BE5 Straka,103.01400000000001,10,9,22,71014
Flamer,102.927,11,8,17,74927
MVG Doni1,102.397,10,12,23,69397
SAD Cuzni,102.37700000000001,14,23,28,60377
lamb,102.18799999999999,16,9,22,64188
VR Omen,101.90899999999999,23,15,12,66909
Konan,101.79,14,15,15,72790
Prachoun,101.59500000000001,12,14,16,73595
VK Eria,101.57900000000001,8,27,22,71579
Wunder,100.88499999999999,23,3,12,65885
Kamon,100.181,13,21,19,68181
Hummelu,100.057,14,11,33,53057
Naros,99.37,23,5,17,59370
K0G0LA,99.289,9,26,31,59289
RenHao,99.228,16,28,28,55228
ElOjoNinja,99.14500000000001,12,36,22,65145
0909,98.953,12,10,18,68953
DIV spoint,98.75500000000001,5,3,27,66755
PsYcraw,98.469,7,14,38,53469
VK EMPTY2,98.45700000000001,1,22,67,30457
PAPU moaixd,98.45500000000001,14,31,28,56455
Gatovisck,97.87700000000001,6,33,53,38877
Niqkl,97.22099999999999,18,18,19,60221
Galaxynt,97.18599999999999,13,21,21,63186
Arutnev,96.902,15,8,19,62902
Surdinz,96.845,12,17,28,56845
cicil,96.631,6,29,46,44631
Andreus,96.526,13,10,13,70526
Snow,96.46499999999999,13,17,15,68465
Kartso,96.296,7,18,65,24296
Fynox,96.283,20,7,10,66283
NSA Achael,95.88499999999999,12,26,10,73885
Freestyle,95.83500000000001,7,46,41,47835
HAP DerSchrank,95.765,7,15,30,58765
Magico,95.419,8,14,10,77419
Luknom,95.356,10,16,34,51356
MGZ Lelouch2,95.23400000000001,9,10,17,69234
CK GOMAMUGICH4,95.12100000000001,3,16,52,40121
Soge,94.986,10,14,17,67986
Rachy,94.298,14,16,15,65298
WT whisper,93.94200000000001,26,2,20,47942
P1ng,93.351,15,14,23,55351
WCD,93.212,11,14,18,64212
LGR V4MPYRE,92.94200000000001,9,26,15,68942
N3znamy,92.912,9,20,19,64912
Scarpy,92.909,5,17,19,68909
Mazi,92.628,15,5,40,37628
ArutnevJr,92.487,9,19,20,63487
Ryujin,92.325,12,8,37,43325
Qu4rtzo,92.123,8,5,21,63123
Nightmares,91.533,1,7,63,27533
SergMade,91.172,12,22,10,69172
Kensei,91.108,8,30,30,53108
Croac,90.638,9,18,16,65638
zorenous,90.592,7,14,13,70592
VR Alucard,90.53399999999999,9,27,20,61534
KT A Pleasure,90.131,1,25,59,30131
Cospect,89.508,2,29,58,29508
7D 6onza,89.298,7,5,14,68298
Yukina,89.221,3,9,59,27221
SlayerSupr,89.215,9,23,20,60215
Advienne,89.108,6,17,56,27108
Gtracks,89.081,8,22,13,68081
Congolese,88.997,5,20,14,69997
Seelame,88.564,17,6,14,57564
Grimm,88.077,10,15,21,57077
Koczis,87.832,12,16,30,45832
PAPU Lucas,87.33599999999998,17,25,10,60336
Keishao,87.212,4,15,56,27212
Knika,86.654,4,8,37,45654
BE5 bakisa,86.652,11,9,19,56652
kngo,86.628,8,21,11,67628
Equinox,86.55799999999999,12,8,13,61558
PME Calypse,86.447,3,30,52,31447
Kutcher,85.328,1,21,59,25328
Bruno,84.799,10,28,10,64799
FisheR,84.706,7,10,16,61706
R4G zagon,84.468,9,9,15,60468
Cape,84.148,12,22,22,50148
Ssaiko,83.62,6,28,34,43620
VR HighPing,83.505,12,11,20,51505
Cartamenio,83.501,1,9,60,22501
Akira,83.23500000000001,3,10,57,23235
TeaZing,82.92699999999999,6,16,35,41927
Kancolf,82.57300000000001,4,19,48,30573
DRX Lirua,82.436,7,23,47,28436
HOF Zezin,82.31899999999999,3,17,14,65319
Luke,82.154,8,16,14,60154
VeRu,82.09899999999999,5,22,8,69099
Socrates,81.932,2,32,33,46932
Karakal Jr,81.41199999999999,2,19,47,32412
Speedy1,81.402,2,8,58,21402
Eneino,81.38799999999999,7,22,10,64388
CKZ vorfles,81.373,8,3,22,51373
Pablerah,80.883,7,7,46,27883
Yukin0,80.868,10,24,14,56868
Pankiu,80.774,5,7,36,39774
BlauRosen,80.612,14,16,14,52612
Sign,80.402,8,13,11,61402
SN Strai,80.356,10,19,8,62356
Impp,80.22,4,37,41,35220
VK Sag1rii,80.181,1,33,49,30181
Malice,79.971,10,23,13,56971
Aspect,79.38,15,14,21,43380
Sirotama,79.119,18,11,8,53119
HLE Panther,79.003,11,12,11,57003
LUP Aspect2,78.554,14,10,20,44554
Leaky,78.142,10,16,16,52142
RPG kukka,78.062,4,30,46,28062
YellowMoonkey,77.59,12,6,15,50590
R4G Acke,77.563,16,11,21,40563
DD1,77.368,16,4,22,39368
VLY tetu,77.24199999999999,14,4,23,40242
Miyuuri,77.02199999999999,6,23,38,33022
LGE martote,76.90100000000001,16,5,19,41901
Mutton,76.746,11,22,12,53746
PeterL,76.25,12,7,17,47250
ShinKalHee,76.117,6,23,13,57117
BOO Eve,76.112,7,8,22,47112
Mercury,75.94800000000001,15,16,21,39948
Amarizo,75.661,7,9,5,63661
FVN Shuhari,75.456,2,24,40,33456
NGU Seebulabu1,75.401,3,26,45,27401
Lixo,75.267,3,4,8,64267
SoimuMIC,75.261,11,12,12,52261
RaFaL,73.906,0,22,50,23906
KCH Jericho,73.769,8,5,24,41769
CNV Chrome,73.685,11,5,14,48685
NSA Chien,73.659,6,14,10,57659
Feitan,73.634,7,27,28,38634
VG Misuop,73.57,3,31,48,22570
fengyue,73.50200000000001,4,16,43,26502
Shyro,73.149,3,35,33,37149
kanashimi,72.81,10,14,15,47810
EKO DVN,72.571,15,1,15,42571
HLE Hailstone,72.53999999999999,6,14,45,21540
Cryscata,72.518,3,14,48,21518
Blue,72.401,6,17,40,26401
tonyroo,72.32,12,20,13,47320
Piwek,72.262,5,18,14,53262
burningstar,72.174,11,6,14,47174
Kakarot,72.009,13,18,10,49009
GBCN Pyrus,71.872,5,21,39,27872
NSA Bada,71.833,7,16,13,51833
PCS OQ04,71.33099999999999,14,8,12,45331
lll,71.304,3,33,43,25304
RAV3N,71.194,10,10,9,52194
PicaPica,71.15899999999999,5,22,33,33159
ItsCoto,71.07900000000001,10,4,22,39079
INF Stepz,71.077,10,2,28,33077
ICON Ace2,70.309,16,19,11,43309
Nottingham,70.246,3,19,41,26246
Chrislai,70.237,1,20,36,33237
PPS BMCB,70.175,5,5,14,51175
Sacura,70.093,1,15,37,32093
DS Pooya,70.064,6,5,14,50064
VfB Baumi,70.014,6,13,12,52014
BByoan,69.891,10,23,12,47891
PCS OQ03,69.85,8,8,14,47850
HOF ThunderPeng,69.807,1,22,35,33807
HNS Skinny,69.744,4,24,19,46744
Hhiep,69.613,8,11,17,44613
soap,68.939,5,6,18,45939
VER Tayron,68.847,14,5,15,39847
Lind,68.587,4,13,18,46587
5M Ratao,68.545,12,12,12,44545
SNSH John P,68.256,2,16,45,21256
Errado,68.213,5,9,29,34213
NF saibotbias,68.049,11,8,16,41049
Xiang,67.649,7,11,22,38649
RPG Shawshank,67.35499999999999,14,9,13,40355
GUP Sidbuck,67.209,11,9,13,43209
SUP Cako,66.64099999999999,13,2,13,40641
5t5,66.07,5,19,14,47070
HNS Bera,66.065,6,19,22,38065
towhat,65.62299999999999,1,3,50,14623
Azura,65.597,5,12,10,50597
Sully,65.124,5,17,18,42124
Lunatic,64.904,8,8,14,42904
HST Terry,64.859,9,7,17,38859
Erolle,64.593,2,8,44,18593
Endz,64.49499999999999,2,18,41,21495
Dhokla,64.36,3,11,11,50360
yanjee,64.348,10,12,16,38348
A1MA Pucki,64.226,7,7,13,44226
GLR Nicolayyi,64.199,9,14,16,39199
Kazing,64.119,14,10,8,42119
ARA DarkPhoenix,63.949000000000005,3,10,13,47949
Gordinho,63.837,3,30,35,25837
Xelar,63.743,10,10,10,43743
ICON Alitan,63.57,12,12,21,30570
PAPU Xami,63.281,3,33,20,40281
FLH Frankfurt,63.019999999999996,9,5,9,45020
Hiro,62.811,7,18,8,47811
Shawi,62.783,2,38,30,30783
NF Oshii,62.774,5,17,10,47774
eskimas,62.664,6,8,5,51664
VOPI,62.627,7,13,8,47627
PHT,62.525,7,6,16,39525
NF LEVIATAN,62.464000000000006,6,5,13,43464
Fugu,62.156,7,5,11,44156
Hydraa,61.897,1,28,23,37897
Wiker,61.888000000000005,7,11,13,41888
Bayonetta,61.873999999999995,12,4,7,42874
Arven,61.268,6,9,5,50268
EE miflond,60.976,9,6,24,27976
Draxo5,60.843,8,8,18,34843
Gon,60.576,5,10,22,33576
Sun1,60.57,4,22,11,45570
Ranger,60.192,5,7,19,36192
Huubiii,59.971000000000004,12,3,12,35971
NGX Tricky,59.730000000000004,14,11,15,30730
akostas47,59.547,7,24,12,40547
BFX Lost,59.428999999999995,11,12,11,37429
MOT Benny1,59.309999999999995,7,15,19,33310
GUP Ricarderix,59.196,1,11,33,25196
BKD razu,59.162,6,7,8,45162
NF Erika,58.714,6,14,12,40714
besu,58.426,4,25,33,21426
Praevius,58.319,6,23,12,40319
7D AlluK,57.983000000000004,8,2,23,26983
NT Ripper1,57.897999999999996,3,10,10,44898
DIV MinetasJR,57.697,4,9,28,25697
Kurama,57.556,10,20,11,36556
ICON Zeckro,57.550000000000004,9,14,15,33550
Carbono,57.541,5,14,21,31541
EDGY linn,57.523999999999994,15,8,11,31524
EDGY mikasa,57.37800000000001,6,10,16,35378
Flying,57.245000000000005,10,8,12,35245
Twendddy,57.131,7,11,8,42131
BCT R0se,56.958,8,9,6,42958
Chama,56.667,8,9,10,38667
ilyy,56.598,15,2,3,38598
Alba,56.571,8,7,7,41571
Dman,56.187,5,10,8,43187
Johnarnau,56.158,3,10,7,46158
CRZ Cold Rose,55.683,9,4,6,40683
PCS OQ01,55.586,7,11,10,38586
IN5 Troublemak,55.5,3,12,16,36500
Dafnis,55.318,1,19,11,43318
H1tokiri,55.078,4,6,15,36078
Staargazing,55.0,3,24,28,24000
OUAT kkero,54.997,1,15,36,17997
Kirin,54.909000000000006,5,11,13,36909
Sven,54.861000000000004,5,16,6,43861
HST David Do,54.659,8,5,7,39659
NGU Kairi1,54.218999999999994,4,8,34,16219
PCS OQ02,54.144999999999996,4,15,24,26145
Frixter,54.082,2,7,13,39082
Misaki,54.072,1,5,16,37072
Crowdy,53.87200000000001,7,11,8,38872
Sassappel,53.843999999999994,3,13,21,29844
Luis,53.665000000000006,2,34,25,26665
XiaoYang,53.150999999999996,4,11,7,42151
AkHasspun,53.084,1,19,30,22084
ECOGentlemanHer,52.619,3,12,11,38619
ODD Miracle2,52.393,1,8,34,17393
Bizyze,52.242000000000004,6,25,25,21242
Katquese,52.105000000000004,8,16,7,37105
NSA Namsi,51.873000000000005,2,23,23,26873
PPS SLynx,51.601,8,6,8,35601
DIV pdr,51.597,4,3,18,29597
A1MA Gimko,51.416,4,10,21,26416
Darky,51.104,1,6,19,31104
GTZ Gary,51.076,6,2,13,32076
GTZ Spy2,50.943,12,2,11,27943
manuemdo,50.801,4,10,32,14801
Arcano,50.784000000000006,7,14,13,30784
ICON BetoEZ,50.777,2,14,36,12777
Skratt,50.774,2,12,19,29774
Termo,50.129999999999995,2,7,6,42130
Lyng,50.024,2,16,25,23024
BE5 Coli,49.829,3,15,31,15829
Kick,49.412,2,19,27,20412
Suffer,49.301,2,12,36,11301
BL Niko Reaper,49.161,4,9,5,40161
Souma,49.033,2,12,6,41033
Thor,48.943,6,4,8,34943
GUP 1334mat,48.926,12,4,8,28926
BL Vinni Wonka,48.855999999999995,2,14,7,39856
Wolfy,48.722,2,9,11,35722
Vojtus,48.695,5,7,9,34695
LS,48.492000000000004,5,10,24,19492
DizL,48.375,6,15,9,33375
5M Theop,48.373,7,9,13,28373
Sawyor,48.284000000000006,1,10,12,35284
MGZ Draxo5,48.033,5,5,7,36033
JoKozz,48.019000000000005,1,3,13,34019
Heart,48.008,5,10,23,20008
Rabstar,47.660000000000004,4,11,8,35660
MaxSchallah,47.653,5,18,24,18653
Kiwi,47.343,5,14,13,29343
ME Souma Ria,47.285,8,12,5,34285
Ruf,47.274,3,6,4,40274
Silk,47.126,8,1,7,32126
Heprex,46.858000000000004,3,10,4,39858
bans,46.83,10,0,3,33830
ODD Chomp,46.588,5,10,6,35588
Excaliburt,46.421,1,15,26,19421
Sapphire,46.065,12,10,4,30065
BetaTwinz,46.056,4,13,23,19056
Bananiasty,45.825,4,9,13,28825
MT2 Casey,45.748000000000005,5,7,9,31748
BFX Rang,45.599000000000004,8,11,16,21599
Pasu,44.53099999999999,9,16,11,24531
MT2 Epic,44.126000000000005,6,6,8,30126
PLS Aadam,43.915000000000006,4,13,5,34915
Oda,43.899,2,4,21,20899
EVO Ghost3,43.897,5,11,8,30897
Pyl,43.835,3,9,23,17835
EDGY qiuyu ,43.815,3,8,7,33815
A1MATrailblazer,43.522,4,14,22,17522
Nacho,43.44,5,11,12,26440
DeathArrow,43.349,7,6,8,28349
Lumi,42.945,0,6,32,10945
Basei,42.153999999999996,0,7,6,36154
CRZ Flashpowa,42.009,7,6,6,29009
5M Profirio,42.007999999999996,3,10,19,20008
Nite,41.886,7,12,6,28886
MT2 Trollnekton,41.819,12,11,8,21819
EVO Geraldes,41.78,7,14,3,31780
HOF Martim,41.646,5,14,4,32646
OTS Silk2,41.602000000000004,7,1,9,25602
BFX Bangin,41.549,3,13,7,31549
Tommy,41.512,6,12,10,25512
R1to,41.158,3,11,11,27158
Pivolj,41.09,10,16,7,24090
Fooneses,41.07899999999999,5,15,9,27079
risdrengen,41.010999999999996,4,8,10,27011
KGA Slimsnoker,40.932,4,4,3,33932
BRT Speedy2,40.774,2,26,16,22774
SergiiO,40.643,1,8,4,35643
 BLWeaksideWizar,40.533,1,8,7,32533
Zeycce,40.495,2,10,3,35495
Jisoo,40.396,3,2,4,33396
tockers,40.373,3,6,24,13373
Zekakos,40.142,3,15,22,15142
HOF Leazor,39.995999999999995,4,3,4,31996
PCS OQ07,39.941,2,11,27,10941
NF Geraldes,39.669,7,0,12,20669
Lizia,39.545,4,8,6,29545
MT2 lStephanl,39.11,2,14,14,23110
F0X Fr0zen ,38.974999999999994,2,6,28,8975
Faith,38.620000000000005,3,9,14,21620
6onza,37.949,5,8,4,28949
hidududu,37.89,3,22,18,16890
EDGY Palkia,37.69,1,6,23,13690
V1dde,37.434,2,2,16,19434
Akunma,37.392,1,9,7,29392
RUD Gtracks,37.33,4,10,6,27330
Dumbao,37.09,5,9,3,29090
Hildebrandt,37.044,2,9,10,25044
Kuroko1,37.036,3,11,8,26036
DIV Barata,36.977000000000004,4,5,17,15977
ME Sprinta,36.836,6,15,7,23836
Kitin,36.653000000000006,2,7,4,30653
STAR Balukos,36.584,1,12,5,30584
LOS  M G,36.483999999999995,0,10,3,33484
kahura,36.451,4,12,8,24451
Antos,36.403,3,14,17,16403
Markus,36.385999999999996,4,1,13,19386
7D Max,36.36,1,13,24,11360
ARA Slix,36.012,3,7,7,26012
Nekro,35.908,5,14,10,20908
ST1 Shimzu,35.601,6,8,3,26601
BER Berimbau,35.592,4,8,7,24592
Druk,35.388000000000005,3,6,5,27388
CRZ Satto,35.123,3,9,16,16123
Jakoo,34.473,1,6,4,29473
Intensitive,34.375,4,12,2,28375
RandomBruce,34.211,3,0,8,23211
Emprez,34.189,7,11,5,22189
Respeta,34.058,3,10,5,26058
NF Albino Poro,34.010000000000005,0,7,25,9010
RUD Congolese,33.888,4,7,6,23888
5M Crop,33.863,3,10,5,25863
AOMA Cacnea,33.786,1,3,22,10786
PPS Pasxalis,33.748000000000005,5,9,11,17748
HOF vicarious,33.647999999999996,2,11,10,21648
NF Saibotbias,33.575,5,14,9,19575
Apollonia,33.565,4,5,1,28565
WouLou,33.375,2,6,10,21375
Boye,33.355000000000004,1,1,16,16355
EVO Fat Yoda,33.265,2,6,6,25265
Revolta,33.138999999999996,8,9,6,19139
godfan,33.07,3,9,4,26070
Kars,32.823,1,11,5,26823
Dejo,32.365,1,23,14,17365
Fla01,32.343,2,18,14,16343
Jandro,32.342999999999996,2,11,10,20343
STAR LakatosD,32.193,1,10,10,21193
RP SoimuMIC,32.187,0,8,4,28187
Ruby,32.042,10,1,3,19042
Sailuo,31.997,1,13,2,28997
Tails,31.89,2,2,11,18890
TA0,31.835,7,7,6,18835
Vayzer,31.669,1,8,7,23669
BFX Should,31.646,3,10,17,11646
Lira,31.459000000000003,1,5,11,19459
QTD Van1,31.247,7,2,10,14247
Krysia,31.218,4,5,13,14218
Aglaro,31.014,3,15,11,17014
Kutarra,30.958,3,12,4,23958
IceBreaker,30.853,5,1,8,17853
xRoyal,30.744,10,3,2,18744
Trick,30.669,2,6,12,16669
Akabane,30.282,3,2,15,12282
HPS EN,30.241,5,17,12,13241
RG Konan3,30.212,3,11,2,25212
ME Zyon,30.148000000000003,5,7,7,18148
Miella,30.147,4,10,4,22147
WarShogun,29.256,3,8,5,21256
DIV Leitinho,29.053,4,2,9,16053
MYTH Uncle Iroh,29.003,2,8,0,27003
MT2 Jetski,28.936,4,9,15,9936
BER Lunatik,28.929000000000002,3,12,8,17929
TSC hammerul,28.564999999999998,7,12,3,18565
Jakobobbi,28.472,2,17,13,13472
Mitir,28.299999999999997,3,12,6,19300
AMBAN,28.093,6,5,4,18093
Xavian,28.001,3,8,4,21001
HOF Primata,27.934,0,4,8,19934
RUD Hydraa,27.816,2,8,9,16816
TSC Azu,27.725,1,12,5,21725
TB Inside,27.683,2,12,1,24683
Alex,27.681,3,3,5,19681
BER Cerelac,27.661,2,11,6,19661
Ragnarr,27.617,4,3,8,15617
Milkshake,27.555999999999997,4,1,10,13556
Tomson,27.517,3,4,1,23517
Yuros,27.515,1,5,8,18515
miaemi,27.459000000000003,2,14,5,20459
HOF Ghost2,27.326,5,4,5,17326
Mezze,27.275,3,8,5,19275
KGA Senor,27.070999999999998,2,10,4,21071
OTS Creepano,26.799,5,4,6,15799
STAR kory,26.767,7,10,2,17767
Jordan,26.373,1,8,19,6373
Roshan,26.192,2,9,5,19192
AMI Dcoy,26.058,3,1,8,15058
WachonBB,25.701999999999998,2,15,12,11702
EKO K1NG1,25.625,2,2,4,19625
D0kai,25.44,3,11,13,9440
Friple,25.329,3,7,9,13329
ODD WhiteWolf,25.155,2,8,5,18155
DIV Chambel,25.127000000000002,0,3,17,8127
Totoro,24.945999999999998,0,16,13,11946
RouZoe,24.814,2,4,7,15814
BL Frechdachs,24.764,2,12,14,8764
TSC Ninji,24.753999999999998,0,10,4,20754
EVO Tebi GG,24.576,0,9,14,10576
GMB atatt,24.532,0,3,17,7532
NGX Bey0nd,24.462,2,5,6,16462
BER Outskale,24.408,4,4,1,19408
THG Alex2,24.404,1,1,4,19404
EVO Kryzen7,24.399,6,3,4,14399
Caedrel,24.281,1,1,17,6281
KGA Darky,24.238,1,9,2,21238
Rend,24.236,1,5,7,16236
Kanra,23.903000000000002,1,17,15,7903
Trashy,23.894,2,7,4,17894
Bejjaniii,23.475,0,12,3,20475
Mysterias,23.188,0,2,3,20188
Impulse,22.843,2,11,2,18843
shidolovell,22.552,3,5,5,14552
Ls,22.472,1,6,13,8472
Exiled,22.206,0,7,16,6206
RAGE xld,21.986,1,3,16,4986
Kyanna,21.786,0,12,10,11786
Xeanny,21.738999999999997,3,6,2,16739
Kamyta,21.72,1,2,16,4720
PLS Tubs,21.695,1,7,11,9695
Jovian,21.616999999999997,1,12,11,9617
Toayin,21.536,2,13,9,10536
PCS OQ12,21.523,3,9,6,12523
HOF Julzh,21.419,2,6,4,15419
PAPU Papulon,20.95,0,10,10,10950
Tiwaz,20.936999999999998,0,4,13,7937
HOF Sashimi,20.677,3,5,2,15677
STAR asphyxia,20.477,3,13,6,11477
GUP Legend,20.283,1,3,14,5283
rcg,19.967,3,3,5,11967
EG Raiderr,19.928,1,4,7,11928
HOF Crisrock,19.928,1,6,7,11928
AAXL Mario,19.92,2,7,5,12920
Pbd,19.907,0,9,8,11907
LOS Aegis,19.619,1,2,10,8619
Brayaron,19.541,4,2,5,10541
AAXL Shack,19.323999999999998,1,5,4,14324
Rassiel,19.147000000000002,2,9,5,12147
Ghost2,19.026,3,6,4,12026
Chova,18.679000000000002,1,6,9,8679
Pasha,18.258000000000003,1,7,6,11258
Kodie,18.159,0,16,5,13159
Erk,18.079,0,7,8,10079
Davyyy,18.045,1,2,2,15045
Italin,17.816000000000003,1,10,4,12816
WAP Trick5ht,17.703,2,7,1,14703
PPS Lostboy,17.526,0,5,12,5526
Leazor,17.273,1,1,3,13273
Tiger,17.222,0,13,7,10222
ST1 Definitly,17.118,1,12,3,13118
Nainess,16.918,1,9,6,9918
HOF Silence,16.908,2,3,4,10908
Masuyo,16.685000000000002,1,3,5,10685
ST1 Juarezz,16.513,2,13,7,7513
HOF Phlloz,16.361,1,4,4,11361
PAPU its me,16.124000000000002,2,6,1,13124
Spyke,15.948,0,3,9,6948
ST1 Diogoo,15.824,1,7,2,12824
FRAC Radar,15.742,1,5,0,14742
Julzh,15.584,2,6,2,11584
GekkoSzaby,15.463,1,6,6,8463
ZZG Rubyy,15.39,1,3,6,8390
Tiesel,15.256,3,5,4,8256
F3IV,15.171,0,8,1,14171
salgueir0,15.128,1,6,5,9128
BER Besnaga,15.098,1,4,3,11098
ST1 PeQReK,15.0,0,4,1,14000
Chap1nho,14.994,2,8,1,11994
PikaSensei,14.843,0,3,0,14843
Seebulabu,14.742,1,8,7,6742
Lostboy,14.674,2,6,6,6674
Tan0,14.507,1,3,5,8507
JT,14.173,0,7,8,6173
EVO Dayllen,13.783,1,5,3,9783
Soren,13.504999999999999,3,3,3,7505
Spy,13.064,3,8,1,9064
Felopo,12.849,1,4,2,9849
THG Soren2,12.571,2,2,5,5571
1Zeus,12.158,1,7,2,9158
FleekZ,12.044,2,8,4,6044
StoRm,11.75,0,9,3,8750
pinvvei,11.106,0,4,8,3106
Ermoke,10.396,0,8,1,9396
Reshiram1,10.237,2,4,3,5237
Phlloz,10.107,0,2,5,5107
Giomatic,10.104,0,4,4,6104
EasyLove,9.905000000000001,0,3,2,7905
Tozue,9.771,0,8,0,9771
ZZG sall,9.771,2,5,2,5771
Pyoox,9.724,0,6,3,6724
WAP Pinut,9.485,1,3,0,8485
CRZ Zeradyn,9.283000000000001,0,2,2,7283
sSephix,9.276,1,2,2,6276
YamatoCannon,9.076,1,2,2,6076
Hungtwo,8.76,1,6,3,4760
Kandar,8.614,0,6,4,4614
CRZ pvm,7.544,0,7,1,6544
Jabu,7.521,0,4,3,4521
AAXL Tigrot,7.35,0,5,5,2350
GDG Compu,6.949,0,1,1,5949
MVG Piscis,6.304,1,6,2,3304
WAP Xia0,5.982,0,6,2,3982
EUNE,5.8100000000000005,0,5,3,2810
GDG miaemi,4.776,1,4,1,2776
Snake,2.178,0,8,1,1178
