teamname,infernals,mountains,clouds,oceans,chemtechs,hextechs,elders,dragons_total,wins,games,infernals_per_win,mountains_per_win,clouds_per_win,oceans_per_win,chemtechs_per_win,hextechs_per_win,elders_per_win,dragons_total_per_win
100 Thieves,20.0,10.0,15.0,20.0,14.0,12.0,4.0,95.0,20,40,1.0,0.5,0.75,1.0,0.7,0.6,0.2,4.75
3BL Esports,3.0,1.0,3.0,4.0,2.0,4.0,1.0,18.0,1,7,3.0,1.0,3.0,4.0,2.0,4.0,1.0,18.0
5M Esports,0.0,0.0,1.0,3.0,0.0,1.0,0.0,5.0,1,2,0.0,0.0,1.0,3.0,0.0,1.0,0.0,5.0
A One Man Army,20.0,15.0,19.0,13.0,18.0,8.0,4.0,97.0,19,44,1.0526315789473684,0.7894736842105263,1.0,0.6842105263157895,0.9473684210526315,0.42105263157894735,0.21052631578947367,5.105263157894737
A One Man Army Prime,0.0,0.0,0.0,0.0,0.0,0.0,0.0,0.0,0,2,0.0,0.0,0.0,0.0,0.0,0.0,0.0,0.0
A One Man Army Prime Academy,0.0,1.0,0.0,0.0,1.0,1.0,0.0,3.0,0,2,0.0,1.0,0.0,0.0,1.0,1.0,0.0,3.0
AKA HERO,0.0,0.0,3.0,0.0,2.0,0.0,0.0,5.0,1,3,0.0,0.0,3.0,0.0,2.0,0.0,0.0,5.0
AVE Axolotl,13.0,17.0,16.0,26.0,19.0,21.0,2.0,114.0,27,53,0.48148148148148145,0.6296296296296297,0.5925925925925926,0.9629629629629629,0.7037037037037037,0.7777777777777778,0.07407407407407407,4.222222222222222
Actions Per Minute,13.0,14.0,18.0,18.0,9.0,8.0,3.0,83.0,14,45,0.9285714285714286,1.0,1.2857142857142858,1.2857142857142858,0.6428571428571429,0.5714285714285714,0.21428571428571427,5.928571428571429
All for One Gaming,0.0,0.0,0.0,0.0,0.0,0.0,0.0,0.0,0,2,0.0,0.0,0.0,0.0,0.0,0.0,0.0,0.0
Alpha7 Esports,3.0,2.0,1.0,2.0,2.0,4.0,1.0,15.0,5,9,0.6,0.4,0.2,0.4,0.4,0.8,0.2,3.0
Andromeda Gaming,2.0,2.0,5.0,5.0,4.0,6.0,0.0,24.0,6,12,0.3333333333333333,0.3333333333333333,0.8333333333333334,0.8333333333333334,0.6666666666666666,1.0,0.0,4.0
Ankora Gaming,2.0,2.0,1.0,4.0,0.0,0.0,0.0,9.0,1,5,2.0,2.0,1.0,4.0,0.0,0.0,0.0,9.0
Anubis Gaming,20.0,22.0,16.0,18.0,17.0,32.0,2.0,127.0,33,67,0.6060606060606061,0.6666666666666666,0.48484848484848486,0.5454545454545454,0.5151515151515151,0.9696969696969697,0.06060606060606061,3.8484848484848486
Anyone's Legend,6.0,19.0,11.0,14.0,6.0,5.0,1.0,62.0,93,144,0.06451612903225806,0.20430107526881722,0.11827956989247312,0.15053763440860216,0.06451612903225806,0.053763440860215055,0.010752688172043012,0.6666666666666666
Anyone's Legend.Young,4.0,2.0,1.0,4.0,2.0,4.0,0.0,17.0,5,11,0.8,0.4,0.2,0.8,0.4,0.8,0.0,3.4
Apex Mission Impossible,5.0,14.0,7.0,6.0,7.0,8.0,1.0,48.0,5,26,1.0,2.8,1.4,1.2,1.4,1.6,0.2,9.6
Apex Predator,7.0,0.0,1.0,0.0,3.0,3.0,0.0,14.0,5,5,1.4,0.0,0.2,0.0,0.6,0.6,0.0,2.8
Aurora,11.0,17.0,10.0,9.0,9.0,6.0,3.0,65.0,7,40,1.5714285714285714,2.4285714285714284,1.4285714285714286,1.2857142857142858,1.2857142857142858,0.8571428571428571,0.42857142857142855,9.285714285714286
Austrian Force willhaben,19.0,19.0,38.0,28.0,9.0,27.0,5.0,145.0,27,64,0.7037037037037037,0.7037037037037037,1.4074074074074074,1.037037037037037,0.3333333333333333,1.0,0.18518518518518517,5.37037037037037
BAAM Esports,24.0,23.0,29.0,31.0,29.0,27.0,6.0,169.0,32,77,0.75,0.71875,0.90625,0.96875,0.90625,0.84375,0.1875,5.28125
BBL Dark Passage,18.0,7.0,23.0,14.0,23.0,20.0,3.0,108.0,20,46,0.9,0.35,1.15,0.7,1.15,1.0,0.15,5.4
BERZLOY,1.0,1.0,1.0,3.0,5.0,1.0,0.0,12.0,3,4,0.3333333333333333,0.3333333333333333,0.3333333333333333,1.0,1.6666666666666667,0.3333333333333333,0.0,4.0
BK ROG Esports,33.0,27.0,32.0,29.0,32.0,38.0,10.0,201.0,46,77,0.717391304347826,0.5869565217391305,0.6956521739130435,0.6304347826086957,0.6956521739130435,0.8260869565217391,0.21739130434782608,4.369565217391305
BNK FEARX,35.0,31.0,31.0,25.0,27.0,21.0,0.0,170.0,32,78,1.09375,0.96875,0.96875,0.78125,0.84375,0.65625,0.0,5.3125
BNK FEARX Academy,15.0,11.0,16.0,11.0,11.0,16.0,0.0,80.0,20,51,0.75,0.55,0.8,0.55,0.55,0.8,0.0,4.0
BNK FEARX Youth,37.0,28.0,38.0,36.0,38.0,46.0,5.0,228.0,56,104,0.6607142857142857,0.5,0.6785714285714286,0.6428571428571429,0.6785714285714286,0.8214285714285714,0.08928571428571429,4.071428571428571
BRUTE,9.0,4.0,12.0,12.0,7.0,26.0,0.0,70.0,9,38,1.0,0.4444444444444444,1.3333333333333333,1.3333333333333333,0.7777777777777778,2.888888888888889,0.0,7.777777777777778
BWE Esports,3.0,1.0,0.0,0.0,0.0,3.0,0.0,7.0,1,3,3.0,1.0,0.0,0.0,0.0,3.0,0.0,7.0
Back2TheGame,32.0,28.0,37.0,23.0,14.0,31.0,5.0,170.0,34,61,0.9411764705882353,0.8235294117647058,1.088235294117647,0.6764705882352942,0.4117647058823529,0.9117647058823529,0.14705882352941177,5.0
Bamboo Juice,5.0,7.0,8.0,9.0,5.0,9.0,1.0,44.0,9,18,0.5555555555555556,0.7777777777777778,0.8888888888888888,1.0,0.5555555555555556,1.0,0.1111111111111111,4.888888888888889
Barcząca Esports,2.0,2.0,4.0,4.0,2.0,3.0,0.0,17.0,3,6,0.6666666666666666,0.6666666666666666,1.3333333333333333,1.3333333333333333,0.6666666666666666,1.0,0.0,5.666666666666667
Barça eSports,34.0,40.0,42.0,42.0,41.0,36.0,3.0,238.0,54,100,0.6296296296296297,0.7407407407407407,0.7777777777777778,0.7777777777777778,0.7592592592592593,0.6666666666666666,0.05555555555555555,4.407407407407407
BeFive,13.0,16.0,9.0,14.0,8.0,15.0,1.0,76.0,20,47,0.65,0.8,0.45,0.7,0.4,0.75,0.05,3.8
Berimbados,0.0,0.0,1.0,1.0,0.0,0.0,0.0,2.0,0,2,0.0,0.0,1.0,1.0,0.0,0.0,0.0,2.0
Berlin International Gaming,35.0,37.0,39.0,29.0,27.0,37.0,1.0,205.0,61,85,0.5737704918032787,0.6065573770491803,0.639344262295082,0.47540983606557374,0.4426229508196721,0.6065573770491803,0.01639344262295082,3.360655737704918
Beşiktaş Esports,15.0,9.0,21.0,12.0,17.0,15.0,4.0,93.0,18,43,0.8333333333333334,0.5,1.1666666666666667,0.6666666666666666,0.9444444444444444,0.8333333333333334,0.2222222222222222,5.166666666666667
Bilibili Gaming,16.0,14.0,8.0,13.0,6.0,5.0,1.0,63.0,90,141,0.17777777777777778,0.15555555555555556,0.08888888888888889,0.14444444444444443,0.06666666666666667,0.05555555555555555,0.011111111111111112,0.7
Bilibili Gaming Junior,1.0,2.0,0.0,4.0,1.0,4.0,0.0,12.0,2,7,0.5,1.0,0.0,2.0,0.5,2.0,0.0,6.0
Black Dog,1.0,5.0,3.0,6.0,0.0,6.0,0.0,21.0,2,10,0.5,2.5,1.5,3.0,0.0,3.0,0.0,10.5
Black Lion,1.0,0.0,0.0,0.0,0.0,1.0,0.0,2.0,0,2,1.0,0.0,0.0,0.0,0.0,1.0,0.0,2.0
BloomStorm,0.0,4.0,0.0,2.0,2.0,1.0,0.0,9.0,0,10,0.0,4.0,0.0,2.0,2.0,1.0,0.0,9.0
Blue Otter,10.0,12.0,17.0,16.0,7.0,13.0,4.0,79.0,14,33,0.7142857142857143,0.8571428571428571,1.2142857142857142,1.1428571428571428,0.5,0.9285714285714286,0.2857142857142857,5.642857142857143
BoostGate Esports,25.0,31.0,34.0,31.0,24.0,37.0,3.0,185.0,41,70,0.6097560975609756,0.7560975609756098,0.8292682926829268,0.7560975609756098,0.5853658536585366,0.9024390243902439,0.07317073170731707,4.512195121951219
BraVeLY,13.0,10.0,12.0,12.0,9.0,13.0,1.0,70.0,12,42,1.0833333333333333,0.8333333333333334,1.0,1.0,0.75,1.0833333333333333,0.08333333333333333,5.833333333333333
Broke,0.0,0.0,0.0,0.0,0.0,0.0,0.0,0.0,0,2,0.0,0.0,0.0,0.0,0.0,0.0,0.0,0.0
Bulldog Esports,21.0,13.0,11.0,14.0,13.0,16.0,6.0,94.0,21,46,1.0,0.6190476190476191,0.5238095238095238,0.6666666666666666,0.6190476190476191,0.7619047619047619,0.2857142857142857,4.476190476190476
Burning Core Toyama,20.0,22.0,8.0,13.0,10.0,26.0,2.0,101.0,28,53,0.7142857142857143,0.7857142857142857,0.2857142857142857,0.4642857142857143,0.35714285714285715,0.9285714285714286,0.07142857142857142,3.607142857142857
Bushido Wildcats,7.0,15.0,13.0,11.0,22.0,30.0,3.0,101.0,23,45,0.30434782608695654,0.6521739130434783,0.5652173913043478,0.4782608695652174,0.9565217391304348,1.3043478260869565,0.13043478260869565,4.391304347826087
CCG Esports,18.0,19.0,16.0,14.0,13.0,8.0,2.0,90.0,17,37,1.0588235294117647,1.1176470588235294,0.9411764705882353,0.8235294117647058,0.7647058823529411,0.47058823529411764,0.11764705882352941,5.294117647058823
CGN Esports,20.0,11.0,17.0,24.0,14.0,18.0,1.0,105.0,24,40,0.8333333333333334,0.4583333333333333,0.7083333333333334,1.0,0.5833333333333334,0.75,0.041666666666666664,4.375
CITA Kaizen,8.0,14.0,9.0,5.0,12.0,10.0,0.0,58.0,14,24,0.5714285714285714,1.0,0.6428571428571429,0.35714285714285715,0.8571428571428571,0.7142857142857143,0.0,4.142857142857143
CORE 128,4.0,10.0,5.0,4.0,2.0,8.0,1.0,34.0,2,14,2.0,5.0,2.5,2.0,1.0,4.0,0.5,17.0
CTBC Flying Oyster,43.0,46.0,48.0,45.0,39.0,33.0,2.0,256.0,65,95,0.6615384615384615,0.7076923076923077,0.7384615384615385,0.6923076923076923,0.6,0.5076923076923077,0.03076923076923077,3.9384615384615387
CTBC Flying Oyster Academy,26.0,13.0,15.0,13.0,13.0,20.0,0.0,100.0,22,52,1.1818181818181819,0.5909090909090909,0.6818181818181818,0.5909090909090909,0.5909090909090909,0.9090909090909091,0.0,4.545454545454546
Caldya Esport,4.0,3.0,5.0,3.0,6.0,0.0,0.0,21.0,6,8,0.6666666666666666,0.5,0.8333333333333334,0.5,1.0,0.0,0.0,3.5
Chiefs Esports Club,13.0,14.0,9.0,6.0,5.0,6.0,0.0,53.0,8,42,1.625,1.75,1.125,0.75,0.625,0.75,0.0,6.625
Citadel Gaming,8.0,5.0,3.0,4.0,11.0,6.0,1.0,38.0,10,16,0.8,0.5,0.3,0.4,1.1,0.6,0.1,3.8
Clocks,20.0,14.0,24.0,15.0,23.0,15.0,2.0,113.0,27,48,0.7407407407407407,0.5185185185185185,0.8888888888888888,0.5555555555555556,0.8518518518518519,0.5555555555555556,0.07407407407407407,4.185185185185185
Cloud9,25.0,22.0,27.0,24.0,11.0,29.0,1.0,139.0,35,51,0.7142857142857143,0.6285714285714286,0.7714285714285715,0.6857142857142857,0.3142857142857143,0.8285714285714286,0.02857142857142857,3.9714285714285715
Colossal Gaming,21.0,19.0,13.0,6.0,14.0,15.0,1.0,89.0,23,34,0.9130434782608695,0.8260869565217391,0.5652173913043478,0.2608695652173913,0.6086956521739131,0.6521739130434783,0.043478260869565216,3.869565217391304
Connect Arena Esports,1.0,3.0,0.0,2.0,0.0,4.0,0.0,10.0,0,16,1.0,3.0,0.0,2.0,0.0,4.0,0.0,10.0
Contrata Logo Meu Time,3.0,7.0,7.0,5.0,2.0,3.0,0.0,27.0,7,14,0.42857142857142855,1.0,1.0,0.7142857142857143,0.2857142857142857,0.42857142857142855,0.0,3.857142857142857
Conviction,21.0,24.0,25.0,17.0,16.0,15.0,4.0,122.0,28,45,0.75,0.8571428571428571,0.8928571428571429,0.6071428571428571,0.5714285714285714,0.5357142857142857,0.14285714285714285,4.357142857142857
Corinthians Esports,22.0,14.0,20.0,17.0,20.0,8.0,7.0,108.0,21,46,1.0476190476190477,0.6666666666666666,0.9523809523809523,0.8095238095238095,0.9523809523809523,0.38095238095238093,0.3333333333333333,5.142857142857143
Crusaders,1.0,1.0,4.0,1.0,6.0,3.0,0.0,16.0,4,8,0.25,0.25,1.0,0.25,1.5,0.75,0.0,4.0
Crvena zvezda Esports,27.0,27.0,16.0,35.0,29.0,36.0,2.0,172.0,45,68,0.6,0.6,0.35555555555555557,0.7777777777777778,0.6444444444444445,0.8,0.044444444444444446,3.8222222222222224
Cupid Esports,1.0,0.0,0.0,0.0,0.0,0.0,1.0,2.0,0,4,1.0,0.0,0.0,0.0,0.0,0.0,1.0,2.0
DCT eSports,9.0,5.0,4.0,2.0,3.0,1.0,1.0,25.0,4,10,2.25,1.25,1.0,0.5,0.75,0.25,0.25,6.25
DKB XPERION NXT,2.0,3.0,2.0,3.0,1.0,3.0,0.0,14.0,3,6,0.6666666666666666,1.0,0.6666666666666666,1.0,0.3333333333333333,1.0,0.0,4.666666666666667
DMG Esports,12.0,11.0,9.0,15.0,16.0,14.0,1.0,78.0,15,40,0.8,0.7333333333333333,0.6,1.0,1.0666666666666667,0.9333333333333333,0.06666666666666667,5.2
DN Freecs,20.0,9.0,25.0,16.0,19.0,33.0,5.0,127.0,18,78,1.1111111111111112,0.5,1.3888888888888888,0.8888888888888888,1.0555555555555556,1.8333333333333333,0.2777777777777778,7.055555555555555
DN Freecs Academy,33.0,19.0,24.0,28.0,35.0,26.0,3.0,168.0,32,64,1.03125,0.59375,0.75,0.875,1.09375,0.8125,0.09375,5.25
DN Freecs Challengers,33.0,35.0,33.0,32.0,21.0,25.0,4.0,183.0,48,89,0.6875,0.7291666666666666,0.6875,0.6666666666666666,0.4375,0.5208333333333334,0.08333333333333333,3.8125
DOCISK,11.0,12.0,6.0,10.0,8.0,14.0,2.0,63.0,8,26,1.375,1.5,0.75,1.25,1.0,1.75,0.25,7.875
DRX,21.0,33.0,28.0,28.0,31.0,27.0,4.0,172.0,33,86,0.6363636363636364,1.0,0.8484848484848485,0.8484848484848485,0.9393939393939394,0.8181818181818182,0.12121212121212122,5.212121212121212
DRX Academy,3.0,9.0,7.0,9.0,9.0,4.0,1.0,42.0,4,50,0.75,2.25,1.75,2.25,2.25,1.0,0.25,10.5
DRX Challengers,23.0,42.0,34.0,39.0,29.0,45.0,4.0,216.0,54,90,0.42592592592592593,0.7777777777777778,0.6296296296296297,0.7222222222222222,0.5370370370370371,0.8333333333333334,0.07407407407407407,4.0
Dark Roses,1.0,4.0,4.0,0.0,3.0,1.0,0.0,13.0,2,6,0.5,2.0,2.0,0.0,1.5,0.5,0.0,6.5
DarkZero Dragonsteel,14.0,13.0,21.0,12.0,14.0,28.0,4.0,106.0,29,45,0.4827586206896552,0.4482758620689655,0.7241379310344828,0.41379310344827586,0.4827586206896552,0.9655172413793104,0.13793103448275862,3.6551724137931036
Deep Cross Gaming,41.0,38.0,35.0,41.0,33.0,27.0,2.0,217.0,63,85,0.6507936507936508,0.6031746031746031,0.5555555555555556,0.6507936507936508,0.5238095238095238,0.42857142857142855,0.031746031746031744,3.4444444444444446
Delta Syndicate,18.0,18.0,13.0,18.0,21.0,18.0,3.0,109.0,14,43,1.2857142857142858,1.2857142857142858,0.9285714285714286,1.2857142857142858,1.5,1.2857142857142858,0.21428571428571427,7.785714285714286
Deltan Gaming,13.0,20.0,12.0,14.0,18.0,17.0,1.0,95.0,24,37,0.5416666666666666,0.8333333333333334,0.5,0.5833333333333334,0.75,0.7083333333333334,0.041666666666666664,3.9583333333333335
DetonatioN FocusMe,10.0,15.0,12.0,6.0,14.0,17.0,1.0,75.0,9,40,1.1111111111111112,1.6666666666666667,1.3333333333333333,0.6666666666666666,1.5555555555555556,1.8888888888888888,0.1111111111111111,8.333333333333334
DetonatioN FocusMe Academy,12.0,10.0,6.0,19.0,12.0,9.0,1.0,69.0,23,44,0.5217391304347826,0.43478260869565216,0.2608695652173913,0.8260869565217391,0.5217391304347826,0.391304347826087,0.043478260869565216,3.0
Dignitas,12.0,11.0,11.0,9.0,7.0,15.0,2.0,67.0,9,35,1.3333333333333333,1.2222222222222223,1.2222222222222223,1.0,0.7777777777777778,1.6666666666666667,0.2222222222222222,7.444444444444445
Disguised,6.0,14.0,7.0,8.0,8.0,4.0,1.0,48.0,5,28,1.2,2.8,1.4,1.6,1.6,0.8,0.2,9.6
Diver (Portuguese Team),2.0,0.0,1.0,2.0,2.0,0.0,0.0,7.0,2,2,1.0,0.0,0.5,1.0,1.0,0.0,0.0,3.5
Divernex,12.0,11.0,11.0,17.0,8.0,15.0,1.0,75.0,18,38,0.6666666666666666,0.6111111111111112,0.6111111111111112,0.9444444444444444,0.4444444444444444,0.8333333333333334,0.05555555555555555,4.166666666666667
Diversion Gaming,15.0,29.0,21.0,26.0,19.0,33.0,3.0,146.0,37,57,0.40540540540540543,0.7837837837837838,0.5675675675675675,0.7027027027027027,0.5135135135135135,0.8918918918918919,0.08108108108108109,3.945945945945946
Dopamina E-Sport,8.0,11.0,11.0,7.0,9.0,13.0,3.0,62.0,19,33,0.42105263157894735,0.5789473684210527,0.5789473684210527,0.3684210526315789,0.47368421052631576,0.6842105263157895,0.15789473684210525,3.263157894736842
Dorado Gaming,5.0,4.0,14.0,5.0,0.0,8.0,1.0,37.0,10,17,0.5,0.4,1.4,0.5,0.0,0.8,0.1,3.7
Dplus KIA,27.0,37.0,33.0,35.0,47.0,38.0,4.0,221.0,51,94,0.5294117647058824,0.7254901960784313,0.6470588235294118,0.6862745098039216,0.9215686274509803,0.7450980392156863,0.0784313725490196,4.333333333333333
Dplus KIA Challengers,26.0,35.0,38.0,31.0,32.0,33.0,2.0,197.0,31,87,0.8387096774193549,1.1290322580645162,1.2258064516129032,1.0,1.032258064516129,1.064516129032258,0.06451612903225806,6.354838709677419
Dplus KIA Youth,29.0,21.0,25.0,23.0,19.0,26.0,1.0,144.0,31,62,0.9354838709677419,0.6774193548387096,0.8064516129032258,0.7419354838709677,0.6129032258064516,0.8387096774193549,0.03225806451612903,4.645161290322581
Dragons Esports,12.0,19.0,18.0,9.0,21.0,11.0,5.0,95.0,20,38,0.6,0.95,0.9,0.45,1.05,0.55,0.25,4.75
Dream Makers,3.0,4.0,7.0,7.0,5.0,3.0,1.0,30.0,6,16,0.5,0.6666666666666666,1.1666666666666667,1.1666666666666667,0.8333333333333334,0.5,0.16666666666666666,5.0
Dream in 24,15.0,22.0,16.0,15.0,18.0,15.0,0.0,101.0,29,40,0.5172413793103449,0.7586206896551724,0.5517241379310345,0.5172413793103449,0.6206896551724138,0.5172413793103449,0.0,3.4827586206896552
Dung Dynasty,11.0,11.0,18.0,10.0,11.0,10.0,3.0,74.0,15,26,0.7333333333333333,0.7333333333333333,1.2,0.6666666666666666,0.7333333333333333,0.6666666666666666,0.2,4.933333333333334
Dynamo Eclot,10.0,12.0,14.0,15.0,3.0,17.0,1.0,72.0,14,35,0.7142857142857143,0.8571428571428571,1.0,1.0714285714285714,0.21428571428571427,1.2142857142857142,0.07142857142857142,5.142857142857143
Dynamo Eclot Talents,5.0,13.0,11.0,15.0,11.0,8.0,2.0,65.0,11,29,0.45454545454545453,1.1818181818181819,1.0,1.3636363636363635,1.0,0.7272727272727273,0.18181818181818182,5.909090909090909
E WIE EINFACH E-SPORTS,24.0,32.0,22.0,33.0,26.0,25.0,5.0,167.0,38,78,0.631578947368421,0.8421052631578947,0.5789473684210527,0.868421052631579,0.6842105263157895,0.6578947368421053,0.13157894736842105,4.394736842105263
EDG Youth Team,5.0,5.0,5.0,1.0,8.0,6.0,0.0,30.0,5,11,1.0,1.0,1.0,0.2,1.6,1.2,0.0,6.0
EDward Gaming,0.0,0.0,0.0,0.0,0.0,0.0,0.0,0.0,27,50,0.0,0.0,0.0,0.0,0.0,0.0,0.0,0.0
EKO Esports,8.0,12.0,13.0,10.0,13.0,10.0,2.0,68.0,10,37,0.8,1.2,1.3,1.0,1.3,1.0,0.2,6.8
EXILE esports,10.0,8.0,10.0,9.0,11.0,8.0,1.0,57.0,8,35,1.25,1.0,1.25,1.125,1.375,1.0,0.125,7.125
Eintracht Frankfurt,15.0,25.0,18.0,30.0,14.0,16.0,4.0,122.0,23,53,0.6521739130434783,1.0869565217391304,0.782608695652174,1.3043478260869565,0.6086956521739131,0.6956521739130435,0.17391304347826086,5.304347826086956
Eintracht Spandau,7.0,15.0,16.0,15.0,16.0,14.0,1.0,84.0,14,44,0.5,1.0714285714285714,1.1428571428571428,1.0714285714285714,1.1428571428571428,1.0,0.07142857142857142,6.0
Entropiq,26.0,30.0,19.0,27.0,32.0,23.0,5.0,162.0,39,67,0.6666666666666666,0.7692307692307693,0.48717948717948717,0.6923076923076923,0.8205128205128205,0.5897435897435898,0.1282051282051282,4.153846153846154
Esprit Shōnen,16.0,34.0,19.0,34.0,20.0,18.0,2.0,143.0,36,53,0.4444444444444444,0.9444444444444444,0.5277777777777778,0.9444444444444444,0.5555555555555556,0.5,0.05555555555555555,3.9722222222222223
Estral Esports,2.0,4.0,6.0,5.0,4.0,1.0,0.0,22.0,7,7,0.2857142857142857,0.5714285714285714,0.8571428571428571,0.7142857142857143,0.5714285714285714,0.14285714285714285,0.0,3.142857142857143
Eternal Fire,14.0,16.0,10.0,15.0,11.0,20.0,2.0,88.0,19,36,0.7368421052631579,0.8421052631578947,0.5263157894736842,0.7894736842105263,0.5789473684210527,1.0526315789473684,0.10526315789473684,4.631578947368421
Ethereal Enigmas,20.0,23.0,24.0,21.0,11.0,22.0,3.0,124.0,21,51,0.9523809523809523,1.0952380952380953,1.1428571428571428,1.0,0.5238095238095238,1.0476190476190477,0.14285714285714285,5.904761904761905
Evolve eSports,0.0,0.0,0.0,0.0,1.0,1.0,0.0,2.0,0,2,0.0,0.0,0.0,0.0,1.0,1.0,0.0,2.0
FN Esports,3.0,11.0,5.0,7.0,11.0,11.0,0.0,48.0,11,18,0.2727272727272727,1.0,0.45454545454545453,0.6363636363636364,1.0,1.0,0.0,4.363636363636363
FURIA,28.0,18.0,20.0,27.0,20.0,20.0,3.0,136.0,35,61,0.8,0.5142857142857142,0.5714285714285714,0.7714285714285715,0.5714285714285714,0.5714285714285714,0.08571428571428572,3.8857142857142857
FUSION (Latin American Team),5.0,4.0,5.0,0.0,2.0,2.0,0.0,18.0,6,9,0.8333333333333334,0.6666666666666666,0.8333333333333334,0.0,0.3333333333333333,0.3333333333333333,0.0,3.0
Falke Esports,24.0,25.0,19.0,11.0,8.0,16.0,3.0,106.0,26,43,0.9230769230769231,0.9615384615384616,0.7307692307692307,0.4230769230769231,0.3076923076923077,0.6153846153846154,0.11538461538461539,4.076923076923077
Fantastic Esports,3.0,3.0,1.0,6.0,0.0,3.0,0.0,16.0,3,6,1.0,1.0,0.3333333333333333,2.0,0.0,1.0,0.0,5.333333333333333
Farenvehn,12.0,9.0,19.0,20.0,22.0,20.0,1.0,103.0,28,42,0.42857142857142855,0.32142857142857145,0.6785714285714286,0.7142857142857143,0.7857142857142857,0.7142857142857143,0.03571428571428571,3.6785714285714284
FlameHard,12.0,13.0,20.0,24.0,17.0,12.0,0.0,98.0,28,38,0.42857142857142855,0.4642857142857143,0.7142857142857143,0.8571428571428571,0.6071428571428571,0.42857142857142855,0.0,3.5
Flamengo MDL,15.0,21.0,14.0,15.0,20.0,17.0,4.0,106.0,18,39,0.8333333333333334,1.1666666666666667,0.7777777777777778,0.8333333333333334,1.1111111111111112,0.9444444444444444,0.2222222222222222,5.888888888888889
Fluxo W7M,9.0,8.0,7.0,11.0,9.0,4.0,2.0,50.0,4,27,2.25,2.0,1.75,2.75,2.25,1.0,0.5,12.5
FlyQuest,29.0,24.0,32.0,23.0,28.0,30.0,6.0,172.0,46,65,0.6304347826086957,0.5217391304347826,0.6956521739130435,0.5,0.6086956521739131,0.6521739130434783,0.13043478260869565,3.739130434782609
Fnatic,30.0,37.0,20.0,22.0,19.0,33.0,1.0,162.0,42,64,0.7142857142857143,0.8809523809523809,0.47619047619047616,0.5238095238095238,0.4523809523809524,0.7857142857142857,0.023809523809523808,3.857142857142857
Fog Esports,20.0,25.0,21.0,14.0,15.0,28.0,2.0,125.0,25,58,0.8,1.0,0.84,0.56,0.6,1.12,0.08,5.0
Footprint Gaming,0.0,0.0,2.0,2.0,0.0,1.0,0.0,5.0,1,3,0.0,0.0,2.0,2.0,0.0,1.0,0.0,5.0
For The Win Esports,14.0,6.0,8.0,7.0,12.0,10.0,0.0,57.0,12,26,1.1666666666666667,0.5,0.6666666666666666,0.5833333333333334,1.0,0.8333333333333334,0.0,4.75
Forsaken,19.0,31.0,22.0,29.0,19.0,24.0,3.0,147.0,33,60,0.5757575757575758,0.9393939393939394,0.6666666666666666,0.8787878787878788,0.5757575757575758,0.7272727272727273,0.09090909090909091,4.454545454545454
Fox Gaming,18.0,28.0,14.0,19.0,16.0,20.0,2.0,117.0,24,55,0.75,1.1666666666666667,0.5833333333333334,0.7916666666666666,0.6666666666666666,0.8333333333333334,0.08333333333333333,4.875
Fractious eSports,3.0,4.0,3.0,4.0,6.0,5.0,2.0,27.0,3,12,1.0,1.3333333333333333,1.0,1.3333333333333333,2.0,1.6666666666666667,0.6666666666666666,9.0
Frank Esports,25.0,29.0,26.0,33.0,31.0,24.0,1.0,169.0,52,83,0.4807692307692308,0.5576923076923077,0.5,0.6346153846153846,0.5961538461538461,0.46153846153846156,0.019230769230769232,3.25
Fuego,17.0,15.0,19.0,13.0,23.0,10.0,8.0,105.0,26,40,0.6538461538461539,0.5769230769230769,0.7307692307692307,0.5,0.8846153846153846,0.38461538461538464,0.3076923076923077,4.038461538461538
Fukuoka SoftBank HAWKS gaming,14.0,9.0,12.0,10.0,5.0,16.0,0.0,66.0,14,46,1.0,0.6428571428571429,0.8571428571428571,0.7142857142857143,0.35714285714285715,1.1428571428571428,0.0,4.714285714285714
FunPlus Phoenix,0.0,0.0,0.0,0.0,0.0,0.0,0.0,0.0,34,99,0.0,0.0,0.0,0.0,0.0,0.0,0.0,0.0
G2 Esports,37.0,36.0,44.0,30.0,33.0,25.0,2.0,207.0,47,86,0.7872340425531915,0.7659574468085106,0.9361702127659575,0.6382978723404256,0.7021276595744681,0.5319148936170213,0.0425531914893617,4.404255319148936
G2 Hel,10.0,12.0,13.0,8.0,7.0,14.0,3.0,67.0,16,31,0.625,0.75,0.8125,0.5,0.4375,0.875,0.1875,4.1875
GAM Esports,34.0,37.0,37.0,25.0,23.0,27.0,7.0,190.0,42,83,0.8095238095238095,0.8809523809523809,0.8809523809523809,0.5952380952380952,0.5476190476190477,0.6428571428571429,0.16666666666666666,4.523809523809524
GIANTX Pride,27.0,29.0,17.0,19.0,30.0,22.0,5.0,149.0,44,64,0.6136363636363636,0.6590909090909091,0.38636363636363635,0.4318181818181818,0.6818181818181818,0.5,0.11363636363636363,3.3863636363636362
GLORE,14.0,22.0,18.0,13.0,12.0,10.0,2.0,91.0,16,50,0.875,1.375,1.125,0.8125,0.75,0.625,0.125,5.6875
GMBLERS Esports,21.0,19.0,25.0,16.0,15.0,20.0,2.0,118.0,25,48,0.84,0.76,1.0,0.64,0.6,0.8,0.08,4.72
GOAL,14.0,7.0,6.0,7.0,9.0,6.0,2.0,51.0,14,25,1.0,0.5,0.42857142857142855,0.5,0.6428571428571429,0.42857142857142855,0.14285714285714285,3.642857142857143
GTZ Esports,11.0,10.0,13.0,10.0,12.0,7.0,2.0,65.0,13,26,0.8461538461538461,0.7692307692307693,1.0,0.7692307692307693,0.9230769230769231,0.5384615384615384,0.15384615384615385,5.0
Galions,15.0,23.0,26.0,26.0,19.0,19.0,2.0,130.0,35,54,0.42857142857142855,0.6571428571428571,0.7428571428571429,0.7428571428571429,0.5428571428571428,0.5428571428571428,0.05714285714285714,3.7142857142857144
GameWard,18.0,5.0,16.0,13.0,12.0,18.0,0.0,82.0,11,39,1.6363636363636365,0.45454545454545453,1.4545454545454546,1.1818181818181819,1.0909090909090908,1.6363636363636365,0.0,7.454545454545454
Gamespace Mediterranean College Esports,30.0,20.0,24.0,20.0,25.0,30.0,3.0,152.0,39,63,0.7692307692307693,0.5128205128205128,0.6153846153846154,0.5128205128205128,0.6410256410256411,0.7692307692307693,0.07692307692307693,3.8974358974358974
Gaming Barcelona,3.0,5.0,6.0,7.0,6.0,5.0,2.0,34.0,3,18,1.0,1.6666666666666667,2.0,2.3333333333333335,2.0,1.6666666666666667,0.6666666666666666,11.333333333333334
Geekay Esports,31.0,36.0,30.0,29.0,22.0,30.0,2.0,180.0,64,76,0.484375,0.5625,0.46875,0.453125,0.34375,0.46875,0.03125,2.8125
Gen.G,55.0,67.0,54.0,42.0,51.0,47.0,3.0,319.0,88,120,0.625,0.7613636363636364,0.6136363636363636,0.4772727272727273,0.5795454545454546,0.5340909090909091,0.03409090909090909,3.625
Gen.G Global Academy,40.0,35.0,41.0,31.0,23.0,30.0,4.0,204.0,41,95,0.975609756097561,0.8536585365853658,1.0,0.7560975609756098,0.5609756097560976,0.7317073170731707,0.0975609756097561,4.975609756097561
Gen.G Scholars,15.0,16.0,13.0,20.0,25.0,12.0,2.0,103.0,38,65,0.39473684210526316,0.42105263157894735,0.34210526315789475,0.5263157894736842,0.6578947368421053,0.3157894736842105,0.05263157894736842,2.710526315789474
GenZ Gaming,0.0,1.0,0.0,3.0,1.0,3.0,0.0,8.0,0,7,0.0,1.0,0.0,3.0,1.0,3.0,0.0,8.0
GenZ Gaming (2025 Vietnamese Team),1.0,4.0,5.0,1.0,4.0,1.0,1.0,17.0,4,7,0.25,1.0,1.25,0.25,1.0,0.25,0.25,4.25
Gentle Mates,29.0,28.0,25.0,39.0,27.0,29.0,9.0,186.0,34,68,0.8529411764705882,0.8235294117647058,0.7352941176470589,1.1470588235294117,0.7941176470588235,0.8529411764705882,0.2647058823529412,5.470588235294118
Geração Estrutura,0.0,2.0,0.0,0.0,1.0,1.0,0.0,4.0,0,4,0.0,2.0,0.0,0.0,1.0,1.0,0.0,4.0
GiantX,19.0,19.0,13.0,10.0,16.0,20.0,9.0,106.0,22,49,0.8636363636363636,0.8636363636363636,0.5909090909090909,0.45454545454545453,0.7272727272727273,0.9090909090909091,0.4090909090909091,4.818181818181818
GnG Amazigh,33.0,32.0,23.0,16.0,28.0,29.0,1.0,162.0,36,73,0.9166666666666666,0.8888888888888888,0.6388888888888888,0.4444444444444444,0.7777777777777778,0.8055555555555556,0.027777777777777776,4.5
Golden Lions,6.0,8.0,5.0,7.0,10.0,4.0,2.0,42.0,9,17,0.6666666666666666,0.8888888888888888,0.5555555555555556,0.7777777777777778,1.1111111111111112,0.4444444444444444,0.2222222222222222,4.666666666666667
Green Dolphin Gaming,11.0,8.0,2.0,7.0,4.0,14.0,2.0,48.0,9,21,1.2222222222222223,0.8888888888888888,0.2222222222222222,0.7777777777777778,0.4444444444444444,1.5555555555555556,0.2222222222222222,5.333333333333333
Ground Zero Gaming,16.0,16.0,21.0,11.0,9.0,20.0,4.0,97.0,16,57,1.0,1.0,1.3125,0.6875,0.5625,1.25,0.25,6.0625
Grow uP eSports,0.0,0.0,2.0,0.0,3.0,0.0,0.0,5.0,2,4,0.0,0.0,1.0,0.0,1.5,0.0,0.0,2.5
Guasones,7.0,7.0,5.0,9.0,7.0,6.0,0.0,41.0,2,27,3.5,3.5,2.5,4.5,3.5,3.0,0.0,20.5
Guinea Pink,11.0,10.0,9.0,13.0,5.0,17.0,1.0,66.0,15,33,0.7333333333333333,0.6666666666666666,0.6,0.8666666666666667,0.3333333333333333,1.1333333333333333,0.06666666666666667,4.4
Gwenchana,2.0,0.0,5.0,4.0,2.0,2.0,0.0,15.0,5,10,0.4,0.0,1.0,0.8,0.4,0.4,0.0,3.0
HELL PIGS,18.0,12.0,14.0,12.0,10.0,10.0,1.0,77.0,12,53,1.5,1.0,1.1666666666666667,1.0,0.8333333333333334,0.8333333333333334,0.08333333333333333,6.416666666666667
HST,1.0,4.0,0.0,2.0,1.0,0.0,0.0,8.0,0,4,1.0,4.0,0.0,2.0,1.0,0.0,0.0,8.0
HUTECH CHICKEN,2.0,3.0,1.0,4.0,1.0,0.0,0.0,11.0,1,5,2.0,3.0,1.0,4.0,1.0,0.0,0.0,11.0
Hands,2.0,2.0,11.0,4.0,3.0,10.0,1.0,33.0,4,28,0.5,0.5,2.75,1.0,0.75,2.5,0.25,8.25
Hanoi Rookies Esports,2.0,4.0,7.0,1.0,1.0,2.0,0.0,17.0,4,12,0.5,1.0,1.75,0.25,0.25,0.5,0.0,4.25
Hanwha Life Esports,52.0,42.0,60.0,48.0,50.0,39.0,6.0,297.0,79,119,0.6582278481012658,0.5316455696202531,0.759493670886076,0.6075949367088608,0.6329113924050633,0.4936708860759494,0.0759493670886076,3.759493670886076
Hanwha Life Esports Academy,22.0,23.0,20.0,20.0,20.0,26.0,2.0,133.0,46,75,0.4782608695652174,0.5,0.43478260869565216,0.43478260869565216,0.43478260869565216,0.5652173913043478,0.043478260869565216,2.891304347826087
Hanwha Life Esports Challengers,39.0,31.0,27.0,37.0,26.0,35.0,4.0,199.0,41,89,0.9512195121951219,0.7560975609756098,0.6585365853658537,0.9024390243902439,0.6341463414634146,0.8536585365853658,0.0975609756097561,4.853658536585366
Howl Esports,0.0,0.0,1.0,3.0,2.0,2.0,0.0,8.0,3,7,0.0,0.0,0.3333333333333333,1.0,0.6666666666666666,0.6666666666666666,0.0,2.6666666666666665
Human Apex Predator,1.0,3.0,2.0,1.0,0.0,2.0,0.0,9.0,2,4,0.5,1.5,1.0,0.5,0.0,1.0,0.0,4.5
Hungkuang Falcon (弘光獵鷹),3.0,2.0,2.0,3.0,2.0,0.0,0.0,12.0,1,18,3.0,2.0,2.0,3.0,2.0,0.0,0.0,12.0
Hurricane of Feathers,5.0,5.0,2.0,3.0,4.0,2.0,0.0,21.0,3,13,1.6666666666666667,1.6666666666666667,0.6666666666666666,1.0,1.3333333333333333,0.6666666666666666,0.0,7.0
Hyper Vortex Esports,9.0,8.0,7.0,2.0,6.0,5.0,0.0,37.0,11,14,0.8181818181818182,0.7272727272727273,0.6363636363636364,0.18181818181818182,0.5454545454545454,0.45454545454545453,0.0,3.3636363636363638
Ici Japon Corp. Esport,27.0,29.0,15.0,22.0,34.0,26.0,4.0,157.0,36,70,0.75,0.8055555555555556,0.4166666666666667,0.6111111111111112,0.9444444444444444,0.7222222222222222,0.1111111111111111,4.361111111111111
Icon Esports,8.0,2.0,8.0,3.0,7.0,3.0,2.0,33.0,6,14,1.3333333333333333,0.3333333333333333,1.3333333333333333,0.5,1.1666666666666667,0.5,0.3333333333333333,5.5
Icon Esports (Mexican Team),0.0,2.0,1.0,0.0,2.0,0.0,0.0,5.0,1,3,0.0,2.0,1.0,0.0,2.0,0.0,0.0,5.0
Inside Games,3.0,2.0,0.0,3.0,0.0,0.0,0.0,8.0,2,6,1.5,1.0,0.0,1.5,0.0,0.0,0.0,4.0
Invictus Gaming,0.0,0.0,0.0,0.0,0.0,0.0,0.0,0.0,63,107,0.0,0.0,0.0,0.0,0.0,0.0,0.0,0.0
Isurus,0.0,1.0,4.0,2.0,4.0,3.0,0.0,14.0,3,8,0.0,0.3333333333333333,1.3333333333333333,0.6666666666666666,1.3333333333333333,1.0,0.0,4.666666666666667
Isurus Estral,13.0,17.0,26.0,8.0,8.0,12.0,2.0,86.0,19,38,0.6842105263157895,0.8947368421052632,1.368421052631579,0.42105263157894735,0.42105263157894735,0.631578947368421,0.10526315789473684,4.526315789473684
IziDream,17.0,17.0,23.0,17.0,13.0,15.0,3.0,105.0,26,46,0.6538461538461539,0.6538461538461539,0.8846153846153846,0.6538461538461539,0.5,0.5769230769230769,0.11538461538461539,4.038461538461538
JD Gaming,0.0,0.0,0.0,0.0,0.0,0.0,0.0,0.0,60,107,0.0,0.0,0.0,0.0,0.0,0.0,0.0,0.0
JY Gaming,0.0,0.0,0.0,1.0,1.0,0.0,0.0,2.0,0,2,0.0,0.0,0.0,1.0,1.0,0.0,0.0,2.0
Joblife,10.0,17.0,20.0,19.0,13.0,21.0,5.0,105.0,16,43,0.625,1.0625,1.25,1.1875,0.8125,1.3125,0.3125,6.5625
Jolly Rogers,6.0,6.0,6.0,8.0,1.0,4.0,0.0,31.0,6,11,1.0,1.0,1.0,1.3333333333333333,0.16666666666666666,0.6666666666666666,0.0,5.166666666666667
Jörmungang,6.0,17.0,14.0,14.0,11.0,13.0,3.0,78.0,17,38,0.35294117647058826,1.0,0.8235294117647058,0.8235294117647058,0.6470588235294118,0.7647058823529411,0.17647058823529413,4.588235294117647
KAOS e-sport,8.0,8.0,10.0,6.0,8.0,13.0,2.0,55.0,9,34,0.8888888888888888,0.8888888888888888,1.1111111111111112,0.6666666666666666,0.8888888888888888,1.4444444444444444,0.2222222222222222,6.111111111111111
KIA.eSuba Academy,18.0,28.0,20.0,21.0,15.0,31.0,0.0,133.0,41,68,0.43902439024390244,0.6829268292682927,0.4878048780487805,0.5121951219512195,0.36585365853658536,0.7560975609756098,0.0,3.2439024390243905
KT Rolster,28.0,32.0,34.0,43.0,48.0,35.0,5.0,225.0,43,90,0.6511627906976745,0.7441860465116279,0.7906976744186046,1.0,1.1162790697674418,0.813953488372093,0.11627906976744186,5.232558139534884
KT Rolster Academy,31.0,28.0,24.0,40.0,37.0,36.0,1.0,197.0,47,74,0.6595744680851063,0.5957446808510638,0.5106382978723404,0.851063829787234,0.7872340425531915,0.7659574468085106,0.02127659574468085,4.191489361702128
KT Rolster Challengers,59.0,43.0,46.0,41.0,37.0,44.0,4.0,274.0,70,96,0.8428571428571429,0.6142857142857143,0.6571428571428571,0.5857142857142857,0.5285714285714286,0.6285714285714286,0.05714285714285714,3.914285714285714
KaBuM! Ilha das Lendas,12.0,7.0,10.0,8.0,15.0,17.0,2.0,71.0,18,38,0.6666666666666666,0.3888888888888889,0.5555555555555556,0.4444444444444444,0.8333333333333334,0.9444444444444444,0.1111111111111111,3.9444444444444446
Kareha Children,15.0,14.0,13.0,19.0,22.0,10.0,2.0,95.0,17,43,0.8823529411764706,0.8235294117647058,0.7647058823529411,1.1176470588235294,1.2941176470588236,0.5882352941176471,0.11764705882352941,5.588235294117647
Karmine Corp,39.0,41.0,38.0,44.0,31.0,51.0,12.0,256.0,58,93,0.6724137931034483,0.7068965517241379,0.6551724137931034,0.7586206896551724,0.5344827586206896,0.8793103448275862,0.20689655172413793,4.413793103448276
Karmine Corp Blue,38.0,43.0,32.0,42.0,35.0,41.0,13.0,244.0,56,86,0.6785714285714286,0.7678571428571429,0.5714285714285714,0.75,0.625,0.7321428571428571,0.23214285714285715,4.357142857142857
Karmine Corp Blue Stars,13.0,13.0,16.0,9.0,6.0,4.0,1.0,62.0,14,36,0.9285714285714286,0.9285714285714286,1.1428571428571428,0.6428571428571429,0.42857142857142855,0.2857142857142857,0.07142857142857142,4.428571428571429
Kaufland Hangry Knights,35.0,25.0,29.0,23.0,31.0,20.0,1.0,164.0,38,75,0.9210526315789473,0.6578947368421053,0.7631578947368421,0.6052631578947368,0.8157894736842105,0.5263157894736842,0.02631578947368421,4.315789473684211
Kawaii Kiwis,10.0,19.0,12.0,17.0,16.0,12.0,4.0,90.0,19,35,0.5263157894736842,1.0,0.631578947368421,0.8947368421052632,0.8421052631578947,0.631578947368421,0.21052631578947367,4.7368421052631575
Keypulse Esports,7.0,5.0,2.0,10.0,3.0,4.0,0.0,31.0,6,13,1.1666666666666667,0.8333333333333334,0.3333333333333333,1.6666666666666667,0.5,0.6666666666666666,0.0,5.166666666666667
Kiedyś Miałem Fun,9.0,15.0,3.0,12.0,4.0,11.0,1.0,55.0,18,26,0.5,0.8333333333333334,0.16666666666666666,0.6666666666666666,0.2222222222222222,0.6111111111111112,0.05555555555555555,3.0555555555555554
KrabbelGruppeAlpha,1.0,0.0,0.0,1.0,0.0,0.0,0.0,2.0,0,2,1.0,0.0,0.0,1.0,0.0,0.0,0.0,2.0
Kyo eSports,2.0,3.0,1.0,3.0,5.0,3.0,0.0,17.0,3,7,0.6666666666666666,1.0,0.3333333333333333,1.0,1.6666666666666667,1.0,0.0,5.666666666666667
LGD Gaming,0.0,0.0,0.0,0.0,0.0,0.0,0.0,0.0,21,52,0.0,0.0,0.0,0.0,0.0,0.0,0.0,0.0
LGD Gaming Young Team,4.0,8.0,4.0,4.0,1.0,2.0,0.0,23.0,6,9,0.6666666666666666,1.3333333333333333,0.6666666666666666,0.6666666666666666,0.16666666666666666,0.3333333333333333,0.0,3.8333333333333335
LNG Academy,2.0,6.0,3.0,1.0,2.0,1.0,0.0,15.0,7,10,0.2857142857142857,0.8571428571428571,0.42857142857142855,0.14285714285714285,0.2857142857142857,0.14285714285714285,0.0,2.142857142857143
LNG Esports,0.0,0.0,0.0,0.0,0.0,0.0,0.0,0.0,13,44,0.0,0.0,0.0,0.0,0.0,0.0,0.0,0.0
LODIS,13.0,15.0,7.0,16.0,3.0,15.0,4.0,73.0,7,32,1.8571428571428572,2.142857142857143,1.0,2.2857142857142856,0.42857142857142855,2.142857142857143,0.5714285714285714,10.428571428571429
LOUD,19.0,12.0,17.0,28.0,13.0,15.0,2.0,106.0,22,46,0.8636363636363636,0.5454545454545454,0.7727272727272727,1.2727272727272727,0.5909090909090909,0.6818181818181818,0.09090909090909091,4.818181818181818
LUA Gaming,14.0,12.0,16.0,16.0,15.0,16.0,3.0,92.0,20,44,0.7,0.6,0.8,0.8,0.75,0.8,0.15,4.6
LYON,13.0,11.0,5.0,10.0,15.0,12.0,2.0,68.0,10,29,1.3,1.1,0.5,1.0,1.5,1.2,0.2,6.8
LYON Academy,10.0,6.0,9.0,13.0,5.0,4.0,3.0,50.0,9,25,1.1111111111111112,0.6666666666666666,1.0,1.4444444444444444,0.5555555555555556,0.4444444444444444,0.3333333333333333,5.555555555555555
Lechuga Gaming,9.0,2.0,2.0,6.0,3.0,9.0,0.0,31.0,8,12,1.125,0.25,0.25,0.75,0.375,1.125,0.0,3.875
Lenovo Legion Honvéd,8.0,6.0,6.0,2.0,4.0,9.0,1.0,36.0,7,14,1.1428571428571428,0.8571428571428571,0.8571428571428571,0.2857142857142857,0.5714285714285714,1.2857142857142858,0.14285714285714285,5.142857142857143
Leviatan,6.0,10.0,9.0,6.0,5.0,5.0,1.0,42.0,11,31,0.5454545454545454,0.9090909090909091,0.8181818181818182,0.5454545454545454,0.45454545454545453,0.45454545454545453,0.09090909090909091,3.8181818181818183
Leões Porto Salvo Esports,1.0,3.0,2.0,2.0,0.0,3.0,1.0,12.0,3,7,0.3333333333333333,1.0,0.6666666666666666,0.6666666666666666,0.0,1.0,0.3333333333333333,4.0
Ligre Gaming,2.0,4.0,2.0,3.0,0.0,1.0,0.0,12.0,1,5,2.0,4.0,2.0,3.0,0.0,1.0,0.0,12.0
Lille Esport,17.0,10.0,15.0,15.0,10.0,19.0,1.0,87.0,13,35,1.3076923076923077,0.7692307692307693,1.1538461538461537,1.1538461538461537,0.7692307692307693,1.4615384615384615,0.07692307692307693,6.6923076923076925
LittleSans,1.0,4.0,4.0,3.0,3.0,0.0,0.0,15.0,2,5,0.5,2.0,2.0,1.5,1.5,0.0,0.0,7.5
Los Grandes,12.0,13.0,7.0,20.0,27.0,17.0,4.0,100.0,21,37,0.5714285714285714,0.6190476190476191,0.3333333333333333,0.9523809523809523,1.2857142857142858,0.8095238095238095,0.19047619047619047,4.761904761904762
Los Heretics,26.0,34.0,36.0,41.0,26.0,31.0,4.0,198.0,53,80,0.49056603773584906,0.6415094339622641,0.6792452830188679,0.7735849056603774,0.49056603773584906,0.5849056603773585,0.07547169811320754,3.7358490566037736
Los Ratones,34.0,41.0,34.0,45.0,39.0,45.0,6.0,244.0,69,82,0.4927536231884058,0.5942028985507246,0.4927536231884058,0.6521739130434783,0.5652173913043478,0.6521739130434783,0.08695652173913043,3.536231884057971
Luminosity Gaming,19.0,15.0,25.0,26.0,18.0,25.0,5.0,133.0,33,42,0.5757575757575758,0.45454545454545453,0.7575757575757576,0.7878787878787878,0.5454545454545454,0.7575757575757576,0.15151515151515152,4.03030303030303
Lundqvist Lightside,22.0,9.0,6.0,13.0,15.0,11.0,1.0,77.0,13,35,1.6923076923076923,0.6923076923076923,0.46153846153846156,1.0,1.1538461538461537,0.8461538461538461,0.07692307692307693,5.923076923076923
Lupus Esports,2.0,6.0,8.0,5.0,4.0,5.0,0.0,30.0,4,25,0.5,1.5,2.0,1.25,1.0,1.25,0.0,7.5
MGN Vikings Academy,12.0,8.0,8.0,12.0,11.0,7.0,1.0,59.0,12,23,1.0,0.6666666666666666,0.6666666666666666,1.0,0.9166666666666666,0.5833333333333334,0.08333333333333333,4.916666666666667
MGN Vikings Esports,39.0,23.0,25.0,38.0,15.0,15.0,4.0,159.0,38,63,1.0263157894736843,0.6052631578947368,0.6578947368421053,1.0,0.39473684210526316,0.39473684210526316,0.10526315789473684,4.184210526315789
MY STAR,9.0,14.0,8.0,15.0,5.0,10.0,3.0,64.0,13,34,0.6923076923076923,1.0769230769230769,0.6153846153846154,1.1538461538461537,0.38461538461538464,0.7692307692307693,0.23076923076923078,4.923076923076923
Macko Esports,11.0,10.0,6.0,2.0,5.0,4.0,0.0,38.0,15,19,0.7333333333333333,0.6666666666666666,0.4,0.13333333333333333,0.3333333333333333,0.26666666666666666,0.0,2.533333333333333
Magaza Esports,6.0,0.0,5.0,4.0,3.0,4.0,1.0,23.0,4,12,1.5,0.0,1.25,1.0,0.75,1.0,0.25,5.75
Malvinas Gaming,5.0,8.0,5.0,6.0,9.0,5.0,1.0,39.0,9,20,0.5555555555555556,0.8888888888888888,0.5555555555555556,0.6666666666666666,1.0,0.5555555555555556,0.1111111111111111,4.333333333333333
Maze Gaming,18.0,21.0,12.0,16.0,13.0,13.0,3.0,96.0,21,36,0.8571428571428571,1.0,0.5714285714285714,0.7619047619047619,0.6190476190476191,0.6190476190476191,0.14285714285714285,4.571428571428571
Meavedron,25.0,28.0,31.0,28.0,21.0,37.0,1.0,171.0,41,72,0.6097560975609756,0.6829268292682927,0.7560975609756098,0.6829268292682927,0.5121951219512195,0.9024390243902439,0.024390243902439025,4.170731707317073
Melilla Titans,0.0,0.0,0.0,2.0,0.0,0.0,0.0,2.0,0,2,0.0,0.0,0.0,2.0,0.0,0.0,0.0,2.0
Mental Over Tempo,9.0,4.0,4.0,2.0,3.0,2.0,1.0,25.0,5,10,1.8,0.8,0.8,0.4,0.6,0.4,0.2,5.0
Metin2 Enjoyers,0.0,0.0,0.0,2.0,1.0,0.0,0.0,3.0,0,2,0.0,0.0,0.0,2.0,1.0,0.0,0.0,3.0
Mighty Eagles,0.0,7.0,3.0,3.0,0.0,3.0,0.0,16.0,3,8,0.0,2.3333333333333335,1.0,1.0,0.0,1.0,0.0,5.333333333333333
Mila Gaming,3.0,6.0,4.0,11.0,3.0,9.0,0.0,36.0,8,16,0.375,0.75,0.5,1.375,0.375,1.125,0.0,4.5
Misa Esports,35.0,28.0,24.0,19.0,25.0,18.0,2.0,151.0,44,68,0.7954545454545454,0.6363636363636364,0.5454545454545454,0.4318181818181818,0.5681818181818182,0.4090909090909091,0.045454545454545456,3.4318181818181817
Monta Club,11.0,17.0,14.0,7.0,5.0,11.0,4.0,69.0,12,34,0.9166666666666666,1.4166666666666667,1.1666666666666667,0.5833333333333334,0.4166666666666667,0.9166666666666666,0.3333333333333333,5.75
Movistar KOI,33.0,41.0,23.0,33.0,22.0,35.0,4.0,191.0,43,79,0.7674418604651163,0.9534883720930233,0.5348837209302325,0.7674418604651163,0.5116279069767442,0.813953488372093,0.09302325581395349,4.441860465116279
Movistar KOI Fénix,14.0,19.0,15.0,11.0,12.0,10.0,2.0,83.0,21,43,0.6666666666666666,0.9047619047619048,0.7142857142857143,0.5238095238095238,0.5714285714285714,0.47619047619047616,0.09523809523809523,3.9523809523809526
Myth Esports,15.0,23.0,18.0,16.0,21.0,11.0,2.0,106.0,21,46,0.7142857142857143,1.0952380952380953,0.8571428571428571,0.7619047619047619,1.0,0.5238095238095238,0.09523809523809523,5.0476190476190474
Münster Esports - Golden Goats,0.0,0.0,0.0,0.0,0.0,0.0,0.0,0.0,0,2,0.0,0.0,0.0,0.0,0.0,0.0,0.0,0.0
NGU eSports,0.0,1.0,1.0,4.0,1.0,1.0,0.0,8.0,3,3,0.0,0.3333333333333333,0.3333333333333333,1.3333333333333333,0.3333333333333333,0.3333333333333333,0.0,2.6666666666666665
NORD Esports,19.0,15.0,19.0,30.0,27.0,19.0,3.0,132.0,35,56,0.5428571428571428,0.42857142857142855,0.5428571428571428,0.8571428571428571,0.7714285714285715,0.5428571428571428,0.08571428571428572,3.7714285714285714
NORTHS FURY,4.0,0.0,2.0,2.0,0.0,0.0,0.0,8.0,1,5,4.0,0.0,2.0,2.0,0.0,0.0,0.0,8.0
Natus Vincere,0.0,0.0,0.0,0.0,0.0,0.0,0.0,0.0,0,2,0.0,0.0,0.0,0.0,0.0,0.0,0.0,0.0
Near Airport,27.0,11.0,19.0,18.0,16.0,18.0,1.0,110.0,24,38,1.125,0.4583333333333333,0.7916666666666666,0.75,0.6666666666666666,0.75,0.041666666666666664,4.583333333333333
Never Give Up,11.0,6.0,9.0,12.0,6.0,10.0,0.0,54.0,9,26,1.2222222222222223,0.6666666666666666,1.0,1.3333333333333333,0.6666666666666666,1.1111111111111112,0.0,6.0
Nice Try,2.0,2.0,2.0,1.0,8.0,4.0,0.0,19.0,4,9,0.5,0.5,0.5,0.25,2.0,1.0,0.0,4.75
Night Cap,9.0,5.0,3.0,6.0,2.0,3.0,0.0,28.0,5,12,1.8,1.0,0.6,1.2,0.4,0.6,0.0,5.6
Nightbirds,22.0,33.0,16.0,27.0,28.0,32.0,7.0,165.0,50,66,0.44,0.66,0.32,0.54,0.56,0.64,0.14,3.3
Nigma Galaxy,7.0,10.0,10.0,5.0,7.0,6.0,0.0,45.0,6,29,1.1666666666666667,1.6666666666666667,1.6666666666666667,0.8333333333333334,1.1666666666666667,1.0,0.0,7.5
Ninjas in Pyjamas,0.0,0.0,0.0,0.0,0.0,0.0,0.0,0.0,47,96,0.0,0.0,0.0,0.0,0.0,0.0,0.0,0.0
No Barry Berry,3.0,2.0,1.0,1.0,3.0,0.0,0.0,10.0,2,5,1.5,1.0,0.5,0.5,1.5,0.0,0.0,5.0
Nocturne Gale,26.0,23.0,14.0,8.0,27.0,16.0,0.0,114.0,30,36,0.8666666666666667,0.7666666666666667,0.4666666666666667,0.26666666666666666,0.9,0.5333333333333333,0.0,3.8
Nongshim Esports Academy,26.0,48.0,26.0,32.0,31.0,18.0,3.0,184.0,39,85,0.6666666666666666,1.2307692307692308,0.6666666666666666,0.8205128205128205,0.7948717948717948,0.46153846153846156,0.07692307692307693,4.717948717948718
Nongshim RedForce,23.0,28.0,33.0,24.0,26.0,25.0,5.0,164.0,41,96,0.5609756097560976,0.6829268292682927,0.8048780487804879,0.5853658536585366,0.6341463414634146,0.6097560975609756,0.12195121951219512,4.0
Nongshim RedForce Academy,15.0,13.0,10.0,22.0,19.0,14.0,1.0,94.0,15,53,1.0,0.8666666666666667,0.6666666666666666,1.4666666666666666,1.2666666666666666,0.9333333333333333,0.06666666666666667,6.266666666666667
ODD Esports,7.0,14.0,16.0,11.0,13.0,3.0,2.0,66.0,9,33,0.7777777777777778,1.5555555555555556,1.7777777777777777,1.2222222222222223,1.4444444444444444,0.3333333333333333,0.2222222222222222,7.333333333333333
OKSavingsBank BRION,35.0,28.0,26.0,21.0,19.0,34.0,1.0,164.0,30,79,1.1666666666666667,0.9333333333333333,0.8666666666666667,0.7,0.6333333333333333,1.1333333333333333,0.03333333333333333,5.466666666666667
OKSavingsBank BRION Challengers,22.0,26.0,22.0,39.0,23.0,20.0,5.0,157.0,33,87,0.6666666666666666,0.7878787878787878,0.6666666666666666,1.1818181818181819,0.696969696969697,0.6060606060606061,0.15151515151515152,4.757575757575758
Odivelas Sports Club,13.0,10.0,13.0,9.0,9.0,7.0,0.0,61.0,16,28,0.8125,0.625,0.8125,0.5625,0.5625,0.4375,0.0,3.8125
Oh My God,0.0,0.0,0.0,0.0,0.0,0.0,0.0,0.0,10,32,0.0,0.0,0.0,0.0,0.0,0.0,0.0,0.0
Oh My God Academy,3.0,3.0,1.0,3.0,3.0,3.0,0.0,16.0,5,7,0.6,0.6,0.2,0.6,0.6,0.6,0.0,3.2
Once Upon A Team,12.0,14.0,21.0,15.0,7.0,11.0,2.0,82.0,18,38,0.6666666666666666,0.7777777777777778,1.1666666666666667,0.8333333333333334,0.3888888888888889,0.6111111111111112,0.1111111111111111,4.555555555555555
One More Esports,21.0,21.0,29.0,14.0,17.0,34.0,6.0,142.0,26,65,0.8076923076923077,0.8076923076923077,1.1153846153846154,0.5384615384615384,0.6538461538461539,1.3076923076923077,0.23076923076923078,5.461538461538462
Orbit Anonymo Esports,21.0,21.0,19.0,15.0,12.0,10.0,1.0,99.0,14,47,1.5,1.5,1.3571428571428572,1.0714285714285714,0.8571428571428571,0.7142857142857143,0.07142857142857142,7.071428571428571
Orzeł Barcząca Esports,5.0,0.0,0.0,2.0,1.0,0.0,0.0,8.0,1,5,5.0,0.0,0.0,2.0,1.0,0.0,0.0,8.0
Otter Side,1.0,1.0,1.0,0.0,4.0,0.0,0.0,7.0,2,2,0.5,0.5,0.5,0.0,2.0,0.0,0.0,3.5
Oxygen Gaming,25.0,16.0,18.0,18.0,13.0,15.0,4.0,109.0,26,41,0.9615384615384616,0.6153846153846154,0.6923076923076923,0.6923076923076923,0.5,0.5769230769230769,0.15384615384615385,4.1923076923076925
PRINCIPALITY,4.0,4.0,2.0,1.0,1.0,4.0,0.0,16.0,2,10,2.0,2.0,1.0,0.5,0.5,2.0,0.0,8.0
PSG Talon,34.0,33.0,23.0,22.0,20.0,22.0,1.0,155.0,38,71,0.8947368421052632,0.868421052631579,0.6052631578947368,0.5789473684210527,0.5263157894736842,0.5789473684210527,0.02631578947368421,4.078947368421052
PSG Talon Academy,17.0,21.0,28.0,18.0,10.0,25.0,0.0,119.0,28,55,0.6071428571428571,0.75,1.0,0.6428571428571429,0.35714285714285715,0.8928571428571429,0.0,4.25
PaiDA Miwan Bao,0.0,1.0,0.0,0.0,0.0,0.0,0.0,1.0,0,1,0.0,1.0,0.0,0.0,0.0,0.0,0.0,1.0
Papara SuperMassive,28.0,25.0,16.0,24.0,15.0,25.0,6.0,139.0,31,60,0.9032258064516129,0.8064516129032258,0.5161290322580645,0.7741935483870968,0.4838709677419355,0.8064516129032258,0.1935483870967742,4.483870967741935
Papo Secos,0.0,0.0,0.0,1.0,1.0,1.0,0.0,3.0,1,2,0.0,0.0,0.0,1.0,1.0,1.0,0.0,3.0
Paputs Gaming,0.0,1.0,1.0,0.0,0.0,0.0,0.0,2.0,0,5,0.0,1.0,1.0,0.0,0.0,0.0,0.0,2.0
Partizan Esports,9.0,3.0,2.0,2.0,0.0,3.0,2.0,21.0,5,9,1.8,0.6,0.4,0.4,0.0,0.6,0.4,4.2
Partizan Sangal,23.0,17.0,15.0,24.0,17.0,21.0,2.0,119.0,29,44,0.7931034482758621,0.5862068965517241,0.5172413793103449,0.8275862068965517,0.5862068965517241,0.7241379310344828,0.06896551724137931,4.103448275862069
Permitta eSports,1.0,3.0,1.0,0.0,1.0,0.0,0.0,6.0,2,5,0.5,1.5,0.5,0.0,0.5,0.0,0.0,3.0
Priority,4.0,3.0,4.0,1.0,5.0,4.0,0.0,21.0,3,11,1.3333333333333333,1.0,1.3333333333333333,0.3333333333333333,1.6666666666666667,1.3333333333333333,0.0,7.0
Project Conquerors,14.0,23.0,23.0,36.0,25.0,24.0,7.0,152.0,36,59,0.3888888888888889,0.6388888888888888,0.6388888888888888,1.0,0.6944444444444444,0.6666666666666666,0.19444444444444445,4.222222222222222
Pulse Star,9.0,12.0,6.0,11.0,5.0,5.0,3.0,51.0,8,32,1.125,1.5,0.75,1.375,0.625,0.625,0.375,6.375
PÊEK Gaming,7.0,10.0,5.0,13.0,11.0,12.0,1.0,59.0,10,23,0.7,1.0,0.5,1.3,1.1,1.2,0.1,5.9
QT DIG∞,24.0,18.0,20.0,21.0,22.0,22.0,0.0,127.0,35,53,0.6857142857142857,0.5142857142857142,0.5714285714285714,0.6,0.6285714285714286,0.6285714285714286,0.0,3.6285714285714286
RATZ,14.0,5.0,17.0,11.0,9.0,3.0,0.0,59.0,10,29,1.4,0.5,1.7,1.1,0.9,0.3,0.0,5.9
RED Academy,18.0,9.0,23.0,18.0,16.0,19.0,4.0,107.0,30,37,0.6,0.3,0.7666666666666667,0.6,0.5333333333333333,0.6333333333333333,0.13333333333333333,3.566666666666667
RED Canids,13.0,18.0,9.0,17.0,20.0,17.0,4.0,98.0,19,36,0.6842105263157895,0.9473684210526315,0.47368421052631576,0.8947368421052632,1.0526315789473684,0.8947368421052632,0.21052631578947367,5.157894736842105
REDPack Esports,1.0,0.0,0.0,1.0,2.0,2.0,0.0,6.0,1,5,1.0,0.0,0.0,1.0,2.0,2.0,0.0,6.0
REJECT,28.0,27.0,22.0,19.0,22.0,22.0,1.0,141.0,46,56,0.6086956521739131,0.5869565217391305,0.4782608695652174,0.41304347826086957,0.4782608695652174,0.4782608695652174,0.021739130434782608,3.0652173913043477
ROSSMANN Centaurs,27.0,28.0,39.0,36.0,27.0,37.0,7.0,201.0,40,77,0.675,0.7,0.975,0.9,0.675,0.925,0.175,5.025
Radical Pop Gaming,7.0,1.0,4.0,5.0,4.0,1.0,1.0,23.0,2,22,3.5,0.5,2.0,2.5,2.0,0.5,0.5,11.5
Rage Bait e-Sports,1.0,2.0,1.0,2.0,0.0,0.0,0.0,6.0,1,2,1.0,2.0,1.0,2.0,0.0,0.0,0.0,6.0
Ramboot Club,21.0,16.0,13.0,21.0,17.0,9.0,3.0,100.0,21,44,1.0,0.7619047619047619,0.6190476190476191,1.0,0.8095238095238095,0.42857142857142855,0.14285714285714285,4.761904761904762
Rich Gang,9.0,10.0,16.0,13.0,7.0,14.0,1.0,70.0,16,30,0.5625,0.625,1.0,0.8125,0.4375,0.875,0.0625,4.375
Rise Gaming,14.0,12.0,3.0,16.0,14.0,12.0,1.0,72.0,7,31,2.0,1.7142857142857142,0.42857142857142855,2.2857142857142856,2.0,1.7142857142857142,0.14285714285714285,10.285714285714286
Rogue,13.0,9.0,7.0,16.0,11.0,8.0,4.0,68.0,6,29,2.1666666666666665,1.5,1.1666666666666667,2.6666666666666665,1.8333333333333333,1.3333333333333333,0.6666666666666666,11.333333333333334
Royal Never Give Up,0.0,0.0,0.0,0.0,0.0,0.0,0.0,0.0,10,31,0.0,0.0,0.0,0.0,0.0,0.0,0.0,0.0
Ruddy Esports,9.0,13.0,15.0,17.0,10.0,11.0,0.0,75.0,16,39,0.5625,0.8125,0.9375,1.0625,0.625,0.6875,0.0,4.6875
SDM Tigres,5.0,11.0,4.0,7.0,12.0,5.0,1.0,45.0,12,24,0.4166666666666667,0.9166666666666666,0.3333333333333333,0.5833333333333334,1.0,0.4166666666666667,0.08333333333333333,3.75
SINS Esports,3.0,5.0,2.0,4.0,5.0,3.0,2.0,24.0,6,8,0.5,0.8333333333333334,0.3333333333333333,0.6666666666666666,0.8333333333333334,0.5,0.3333333333333333,4.0
SK Gaming,7.0,9.0,9.0,11.0,4.0,14.0,1.0,55.0,6,32,1.1666666666666667,1.5,1.5,1.8333333333333333,0.6666666666666666,2.3333333333333335,0.16666666666666666,9.166666666666666
SK Gaming Avarosa,0.0,0.0,0.0,0.0,0.0,0.0,0.0,0.0,0,2,0.0,0.0,0.0,0.0,0.0,0.0,0.0,0.0
SN CyberCore Esports,9.0,6.0,7.0,12.0,7.0,4.0,1.0,46.0,11,28,0.8181818181818182,0.5454545454545454,0.6363636363636364,1.0909090909090908,0.6363636363636364,0.36363636363636365,0.09090909090909091,4.181818181818182
SPIKE Syndicate,19.0,17.0,17.0,20.0,20.0,18.0,3.0,114.0,29,50,0.6551724137931034,0.5862068965517241,0.5862068965517241,0.6896551724137931,0.6896551724137931,0.6206896551724138,0.10344827586206896,3.9310344827586206
Saigon Dino,25.0,22.0,24.0,25.0,19.0,17.0,5.0,137.0,32,47,0.78125,0.6875,0.75,0.78125,0.59375,0.53125,0.15625,4.28125
Saigon Secret,7.0,12.0,13.0,13.0,12.0,17.0,1.0,75.0,17,37,0.4117647058823529,0.7058823529411765,0.7647058823529411,0.7647058823529411,0.7058823529411765,1.0,0.058823529411764705,4.411764705882353
Senshi eSports,18.0,21.0,11.0,13.0,10.0,21.0,6.0,100.0,18,39,1.0,1.1666666666666667,0.6111111111111112,0.7222222222222222,0.5555555555555556,1.1666666666666667,0.3333333333333333,5.555555555555555
Seven Dark,7.0,10.0,3.0,6.0,3.0,3.0,0.0,32.0,6,21,1.1666666666666667,1.6666666666666667,0.5,1.0,0.5,0.5,0.0,5.333333333333333
Shopify Rebellion,14.0,15.0,21.0,15.0,13.0,21.0,3.0,102.0,20,46,0.7,0.75,1.05,0.75,0.65,1.05,0.15,5.1
Sicar Esports,15.0,7.0,7.0,10.0,17.0,10.0,2.0,68.0,16,25,0.9375,0.4375,0.4375,0.625,1.0625,0.625,0.125,4.25
Silent Storm Esports,5.0,2.0,3.0,6.0,0.0,6.0,0.0,22.0,3,10,1.6666666666666667,0.6666666666666666,1.0,2.0,0.0,2.0,0.0,7.333333333333333
Skillcamp,10.0,11.0,11.0,12.0,8.0,8.0,0.0,60.0,6,36,1.6666666666666667,1.8333333333333333,1.8333333333333333,2.0,1.3333333333333333,1.3333333333333333,0.0,10.0
Solary,31.0,21.0,18.0,20.0,20.0,17.0,7.0,134.0,28,53,1.1071428571428572,0.75,0.6428571428571429,0.7142857142857143,0.7142857142857143,0.6071428571428571,0.25,4.785714285714286
Soul's Heart Esport,2.0,1.0,4.0,1.0,2.0,0.0,0.0,10.0,2,5,1.0,0.5,2.0,0.5,1.0,0.0,0.0,5.0
Spirit Quartz Gaming,10.0,9.0,6.0,10.0,13.0,18.0,2.0,68.0,17,34,0.5882352941176471,0.5294117647058824,0.35294117647058826,0.5882352941176471,0.7647058823529411,1.0588235294117647,0.11764705882352941,4.0
Sponge Gaming,4.0,0.0,4.0,6.0,1.0,5.0,0.0,20.0,4,10,1.0,0.0,1.0,1.5,0.25,1.25,0.0,5.0
Sportia Khore,2.0,0.0,0.0,3.0,0.0,1.0,0.0,6.0,0,2,2.0,0.0,0.0,3.0,0.0,1.0,0.0,6.0
Stellae Gaming,7.0,9.0,9.0,19.0,19.0,21.0,1.0,85.0,26,46,0.2692307692307692,0.34615384615384615,0.34615384615384615,0.7307692307692307,0.7307692307692307,0.8076923076923077,0.038461538461538464,3.269230769230769
StormMedia Fajnie Mieć Skład,17.0,15.0,18.0,34.0,14.0,28.0,3.0,129.0,30,49,0.5666666666666667,0.5,0.6,1.1333333333333333,0.4666666666666667,0.9333333333333333,0.1,4.3
Str1ve eSports,0.0,0.0,1.0,0.0,0.0,0.0,0.0,1.0,0,2,0.0,0.0,1.0,0.0,0.0,0.0,0.0,1.0
Supernova,6.0,9.0,10.0,13.0,10.0,10.0,4.0,62.0,14,33,0.42857142857142855,0.6428571428571429,0.7142857142857143,0.9285714285714286,0.7142857142857143,0.7142857142857143,0.2857142857142857,4.428571428571429
T1,48.0,51.0,38.0,44.0,37.0,56.0,3.0,277.0,76,117,0.631578947368421,0.6710526315789473,0.5,0.5789473684210527,0.4868421052631579,0.7368421052631579,0.039473684210526314,3.6447368421052633
T1 Esports Academy,45.0,47.0,47.0,33.0,25.0,37.0,2.0,236.0,63,107,0.7142857142857143,0.746031746031746,0.746031746031746,0.5238095238095238,0.3968253968253968,0.5873015873015873,0.031746031746031744,3.746031746031746
T1 Esports Academy Rookies,39.0,32.0,19.0,30.0,29.0,21.0,1.0,171.0,47,66,0.8297872340425532,0.6808510638297872,0.40425531914893614,0.6382978723404256,0.6170212765957447,0.44680851063829785,0.02127659574468085,3.6382978723404253
Tan'i eSports CZ,23.0,19.0,16.0,16.0,14.0,24.0,1.0,113.0,23,48,1.0,0.8260869565217391,0.6956521739130435,0.6956521739130435,0.6086956521739131,1.0434782608695652,0.043478260869565216,4.913043478260869
Team BDS,20.0,7.0,16.0,25.0,17.0,12.0,4.0,101.0,17,42,1.1764705882352942,0.4117647058823529,0.9411764705882353,1.4705882352941178,1.0,0.7058823529411765,0.23529411764705882,5.9411764705882355
Team BDS Academy,8.0,5.0,6.0,8.0,7.0,13.0,1.0,48.0,6,29,1.3333333333333333,0.8333333333333334,1.0,1.3333333333333333,1.1666666666666667,2.1666666666666665,0.16666666666666666,8.0
Team Blaze 1,0.0,0.0,1.0,0.0,0.0,0.0,0.0,1.0,0,2,0.0,0.0,1.0,0.0,0.0,0.0,0.0,1.0
Team Evermeet,7.0,4.0,13.0,8.0,4.0,8.0,0.0,44.0,5,22,1.4,0.8,2.6,1.6,0.8,1.6,0.0,8.8
Team Flash,8.0,27.0,14.0,13.0,17.0,15.0,1.0,95.0,22,40,0.36363636363636365,1.2272727272727273,0.6363636363636364,0.5909090909090909,0.7727272727272727,0.6818181818181818,0.045454545454545456,4.318181818181818
Team Heretics,13.0,10.0,17.0,18.0,15.0,16.0,1.0,90.0,16,44,0.8125,0.625,1.0625,1.125,0.9375,1.0,0.0625,5.625
Team High Ground,3.0,0.0,0.0,0.0,3.0,0.0,0.0,6.0,1,2,3.0,0.0,0.0,0.0,3.0,0.0,0.0,6.0
Team Insidious,18.0,17.0,14.0,26.0,14.0,24.0,1.0,114.0,21,48,0.8571428571428571,0.8095238095238095,0.6666666666666666,1.2380952380952381,0.6666666666666666,1.1428571428571428,0.047619047619047616,5.428571428571429
Team Liquid,21.0,23.0,30.0,32.0,16.0,22.0,2.0,146.0,32,60,0.65625,0.71875,0.9375,1.0,0.5,0.6875,0.0625,4.5625
Team Meliora,1.0,1.0,2.0,2.0,1.0,3.0,0.0,10.0,0,6,1.0,1.0,2.0,2.0,1.0,3.0,0.0,10.0
Team Mentality,0.0,3.0,2.0,1.0,4.0,0.0,1.0,11.0,2,5,0.0,1.5,1.0,0.5,2.0,0.0,0.5,5.5
Team Paradox,14.0,8.0,20.0,11.0,4.0,10.0,0.0,67.0,16,38,0.875,0.5,1.25,0.6875,0.25,0.625,0.0,4.1875
Team Phantasma,41.0,39.0,43.0,32.0,26.0,33.0,4.0,218.0,57,81,0.7192982456140351,0.6842105263157895,0.7543859649122807,0.5614035087719298,0.45614035087719296,0.5789473684210527,0.07017543859649122,3.824561403508772
Team Refuse,5.0,8.0,3.0,4.0,2.0,9.0,1.0,32.0,3,18,1.6666666666666667,2.6666666666666665,1.0,1.3333333333333333,0.6666666666666666,3.0,0.3333333333333333,10.666666666666666
Team Revolta,0.0,0.0,0.0,0.0,0.0,1.0,0.0,1.0,0,1,0.0,0.0,0.0,0.0,0.0,1.0,0.0,1.0
Team Secret Whales,19.0,28.0,22.0,20.0,20.0,11.0,0.0,120.0,27,46,0.7037037037037037,1.037037037037037,0.8148148148148148,0.7407407407407407,0.7407407407407407,0.4074074074074074,0.0,4.444444444444445
Team Tockers,0.0,0.0,0.0,0.0,0.0,0.0,0.0,0.0,1,1,0.0,0.0,0.0,0.0,0.0,0.0,0.0,0.0
Team UNiTY,18.0,19.0,26.0,10.0,17.0,23.0,1.0,114.0,23,50,0.782608695652174,0.8260869565217391,1.1304347826086956,0.43478260869565216,0.7391304347826086,1.0,0.043478260869565216,4.956521739130435
Team Valiant,32.0,11.0,15.0,14.0,21.0,22.0,1.0,116.0,30,46,1.0666666666666667,0.36666666666666664,0.5,0.4666666666666667,0.7,0.7333333333333333,0.03333333333333333,3.8666666666666667
Team Vitality,13.0,14.0,12.0,8.0,19.0,9.0,1.0,76.0,15,37,0.8666666666666667,0.9333333333333333,0.8,0.5333333333333333,1.2666666666666666,0.6,0.06666666666666667,5.066666666666666
Team WE,0.0,0.0,0.0,0.0,0.0,0.0,0.0,0.0,47,116,0.0,0.0,0.0,0.0,0.0,0.0,0.0,0.0
Team WE Academy,1.0,3.0,1.0,8.0,7.0,2.0,0.0,22.0,5,7,0.2,0.6,0.2,1.6,1.4,0.4,0.0,4.4
TeamOrangeGaming,18.0,21.0,25.0,20.0,18.0,24.0,2.0,128.0,34,62,0.5294117647058824,0.6176470588235294,0.7352941176470589,0.5882352941176471,0.5294117647058824,0.7058823529411765,0.058823529411764705,3.764705882352941
TeamOrangeGaming Academy,3.0,2.0,3.0,2.0,1.0,3.0,0.0,14.0,4,7,0.75,0.5,0.75,0.5,0.25,0.75,0.0,3.5
Temper &amp; Friends,1.0,1.0,4.0,0.0,0.0,4.0,0.0,10.0,3,3,0.3333333333333333,0.3333333333333333,1.3333333333333333,0.0,0.0,1.3333333333333333,0.0,3.3333333333333335
The Forbidden Five,0.0,1.0,1.0,4.0,1.0,4.0,1.0,12.0,0,9,0.0,1.0,1.0,4.0,1.0,4.0,1.0,12.0
The Secret Club,6.0,5.0,7.0,4.0,4.0,4.0,0.0,30.0,6,17,1.0,0.8333333333333334,1.1666666666666667,0.6666666666666666,0.6666666666666666,0.6666666666666666,0.0,5.0
ThunderTalk Gaming,0.0,0.0,0.0,0.0,0.0,0.0,0.0,0.0,34,94,0.0,0.0,0.0,0.0,0.0,0.0,0.0,0.0
ThunderTalk Gaming Young,3.0,2.0,1.0,1.0,1.0,2.0,0.0,10.0,2,7,1.5,1.0,0.5,0.5,0.5,1.0,0.0,5.0
Tigers eSports,3.0,1.0,2.0,1.0,2.0,2.0,0.0,11.0,1,6,3.0,1.0,2.0,1.0,2.0,2.0,0.0,11.0
Top Esports,4.0,3.0,2.0,1.0,4.0,2.0,0.0,16.0,82,128,0.04878048780487805,0.036585365853658534,0.024390243902439025,0.012195121951219513,0.04878048780487805,0.024390243902439025,0.0,0.1951219512195122
Top Esports Challenger,2.0,4.0,2.0,1.0,2.0,3.0,0.0,14.0,5,8,0.4,0.8,0.4,0.2,0.4,0.6,0.0,2.8
UCAM Esports,13.0,18.0,14.0,9.0,15.0,14.0,1.0,84.0,21,44,0.6190476190476191,0.8571428571428571,0.6666666666666666,0.42857142857142855,0.7142857142857143,0.6666666666666666,0.047619047619047616,4.0
ULF Esports,17.0,19.0,20.0,27.0,27.0,23.0,0.0,133.0,29,62,0.5862068965517241,0.6551724137931034,0.6896551724137931,0.9310344827586207,0.9310344827586207,0.7931034482758621,0.0,4.586206896551724
Ultra Prime,0.0,0.0,0.0,0.0,0.0,0.0,0.0,0.0,24,62,0.0,0.0,0.0,0.0,0.0,0.0,0.0,0.0
Underworld Esports,7.0,6.0,11.0,9.0,4.0,2.0,0.0,39.0,7,16,1.0,0.8571428571428571,1.5714285714285714,1.2857142857142858,0.5714285714285714,0.2857142857142857,0.0,5.571428571428571
Unicorns of Love Sexy Edition,18.0,19.0,18.0,31.0,22.0,33.0,1.0,142.0,32,63,0.5625,0.59375,0.5625,0.96875,0.6875,1.03125,0.03125,4.4375
Universae Instituto FP,17.0,13.0,10.0,12.0,7.0,12.0,2.0,73.0,16,32,1.0625,0.8125,0.625,0.75,0.4375,0.75,0.125,4.5625
V3 Esports,10.0,9.0,6.0,8.0,8.0,5.0,1.0,47.0,7,26,1.4285714285714286,1.2857142857142858,0.8571428571428571,1.1428571428571428,1.1428571428571428,0.7142857142857143,0.14285714285714285,6.714285714285714
VARREL YOUTH,23.0,13.0,20.0,21.0,17.0,12.0,0.0,106.0,30,51,0.7666666666666667,0.43333333333333335,0.6666666666666666,0.7,0.5666666666666667,0.4,0.0,3.533333333333333
VININE,2.0,1.0,0.0,0.0,1.0,1.0,1.0,6.0,1,3,2.0,1.0,0.0,0.0,1.0,1.0,1.0,6.0
Vancouver Impact,1.0,1.0,1.0,0.0,4.0,5.0,0.0,12.0,1,9,1.0,1.0,1.0,0.0,4.0,5.0,0.0,12.0
VeLocitY (Japanese Team),3.0,0.0,2.0,4.0,2.0,2.0,1.0,14.0,0,9,3.0,0.0,2.0,4.0,2.0,2.0,1.0,14.0
VelbeliKaizokudan,9.0,4.0,10.0,9.0,9.0,12.0,1.0,54.0,9,38,1.0,0.4444444444444444,1.1111111111111112,1.0,1.0,1.3333333333333333,0.1111111111111111,6.0
Veni Vidi Vici,17.0,29.0,23.0,16.0,14.0,21.0,6.0,126.0,25,49,0.68,1.16,0.92,0.64,0.56,0.84,0.24,5.04
Venomcrest Esports,3.0,8.0,11.0,11.0,8.0,13.0,1.0,55.0,9,31,0.3333333333333333,0.8888888888888888,1.2222222222222223,1.2222222222222223,0.8888888888888888,1.4444444444444444,0.1111111111111111,6.111111111111111
Venus Gaming,4.0,3.0,1.0,1.0,1.0,0.0,0.0,10.0,4,6,1.0,0.75,0.25,0.25,0.25,0.0,0.0,2.5
Verdant,19.0,27.0,10.0,17.0,26.0,23.0,4.0,126.0,28,48,0.6785714285714286,0.9642857142857143,0.35714285714285715,0.6071428571428571,0.9285714285714286,0.8214285714285714,0.14285714285714285,4.5
VfB eSports,0.0,1.0,1.0,0.0,2.0,1.0,1.0,6.0,1,3,0.0,1.0,1.0,0.0,2.0,1.0,1.0,6.0
Vitality.Bee,25.0,19.0,24.0,23.0,15.0,23.0,4.0,133.0,29,55,0.8620689655172413,0.6551724137931034,0.8275862068965517,0.7931034482758621,0.5172413793103449,0.7931034482758621,0.13793103448275862,4.586206896551724
Vivo Keyd Stars,8.0,14.0,21.0,12.0,24.0,14.0,1.0,94.0,21,41,0.38095238095238093,0.6666666666666666,1.0,0.5714285714285714,1.1428571428571428,0.6666666666666666,0.047619047619047616,4.476190476190476
Vivo Keyd Stars Academy,22.0,9.0,20.0,17.0,23.0,16.0,4.0,111.0,27,42,0.8148148148148148,0.3333333333333333,0.7407407407407407,0.6296296296296297,0.8518518518518519,0.5925925925925926,0.14814814814814814,4.111111111111111
Void Requiem,0.0,0.0,3.0,1.0,0.0,0.0,0.0,4.0,1,3,0.0,0.0,3.0,1.0,0.0,0.0,0.0,4.0
Vortex (Japanese Team),3.0,8.0,8.0,7.0,2.0,4.0,1.0,33.0,6,17,0.5,1.3333333333333333,1.3333333333333333,1.1666666666666667,0.3333333333333333,0.6666666666666666,0.16666666666666666,5.5
WAP Esports,15.0,8.0,15.0,13.0,12.0,6.0,1.0,70.0,14,32,1.0714285714285714,0.5714285714285714,1.0714285714285714,0.9285714285714286,0.8571428571428571,0.42857142857142855,0.07142857142857142,5.0
WLGaming Esports,12.0,16.0,12.0,10.0,14.0,13.0,3.0,80.0,16,37,0.75,1.0,0.75,0.625,0.875,0.8125,0.1875,5.0
We Can Win,4.0,5.0,5.0,2.0,2.0,5.0,1.0,24.0,7,11,0.5714285714285714,0.7142857142857143,0.7142857142857143,0.2857142857142857,0.2857142857142857,0.7142857142857143,0.14285714285714285,3.4285714285714284
Weibo Gaming,0.0,0.0,0.0,0.0,0.0,0.0,0.0,0.0,50,107,0.0,0.0,0.0,0.0,0.0,0.0,0.0,0.0
Weibo Gaming Youth Team,6.0,6.0,3.0,2.0,2.0,4.0,0.0,23.0,5,11,1.2,1.2,0.6,0.4,0.4,0.8,0.0,4.6
West Point Esports,33.0,26.0,21.0,33.0,18.0,15.0,2.0,148.0,48,81,0.6875,0.5416666666666666,0.4375,0.6875,0.375,0.3125,0.041666666666666664,3.0833333333333335
White Dragons,4.0,4.0,1.0,2.0,0.0,3.0,0.0,14.0,4,7,1.0,1.0,0.25,0.5,0.0,0.75,0.0,3.5
Winthrop University,15.0,13.0,14.0,13.0,20.0,19.0,2.0,96.0,17,44,0.8823529411764706,0.7647058823529411,0.8235294117647058,0.7647058823529411,1.1764705882352942,1.1176470588235294,0.11764705882352941,5.647058823529412
XV eSports,3.0,3.0,3.0,4.0,1.0,5.0,1.0,20.0,4,9,0.75,0.75,0.75,1.0,0.25,1.25,0.25,5.0
Xibalbá Esports,2.0,1.0,4.0,0.0,1.0,0.0,0.0,8.0,0,5,2.0,1.0,4.0,0.0,1.0,0.0,0.0,8.0
Yang Yang Gaming,29.0,26.0,21.0,18.0,15.0,18.0,1.0,128.0,33,56,0.8787878787878788,0.7878787878787878,0.6363636363636364,0.5454545454545454,0.45454545454545453,0.5454545454545454,0.030303030303030304,3.878787878787879
ZETA,11.0,6.0,6.0,6.0,3.0,11.0,3.0,46.0,5,27,2.2,1.2,1.2,1.2,0.6,2.2,0.6,9.2
ZGDX Gaming,3.0,1.0,1.0,6.0,7.0,3.0,0.0,21.0,4,10,0.75,0.25,0.25,1.5,1.75,0.75,0.0,5.25
Zena Esports,20.0,11.0,8.0,11.0,17.0,12.0,5.0,84.0,17,39,1.1764705882352942,0.6470588235294118,0.47058823529411764,0.6470588235294118,1.0,0.7058823529411765,0.29411764705882354,4.9411764705882355
ZennIT,23.0,30.0,31.0,21.0,26.0,25.0,6.0,162.0,44,65,0.5227272727272727,0.6818181818181818,0.7045454545454546,0.4772727272727273,0.5909090909090909,0.5681818181818182,0.13636363636363635,3.6818181818181817
Zerance,19.0,10.0,13.0,13.0,9.0,14.0,1.0,79.0,13,41,1.4615384615384615,0.7692307692307693,1.0,1.0,0.6923076923076923,1.0769230769230769,0.07692307692307693,6.076923076923077
Zero Tenacity,22.0,22.0,23.0,20.0,20.0,20.0,6.0,133.0,53,79,0.41509433962264153,0.41509433962264153,0.4339622641509434,0.37735849056603776,0.37735849056603776,0.37735849056603776,0.11320754716981132,2.509433962264151
ZeroZone Gaming,3.0,1.0,2.0,3.0,1.0,3.0,0.0,13.0,0,11,3.0,1.0,2.0,3.0,1.0,3.0,0.0,13.0
Zerolag Esports,19.0,16.0,19.0,17.0,7.0,11.0,2.0,91.0,13,39,1.4615384615384615,1.2307692307692308,1.4615384615384615,1.3076923076923077,0.5384615384615384,0.8461538461538461,0.15384615384615385,7.0
Zeu5 Esports,10.0,8.0,15.0,16.0,16.0,16.0,2.0,83.0,21,36,0.47619047619047616,0.38095238095238093,0.7142857142857143,0.7619047619047619,0.7619047619047619,0.7619047619047619,0.09523809523809523,3.9523809523809526
aNc Legends,7.0,7.0,7.0,7.0,8.0,9.0,0.0,45.0,6,24,1.1666666666666667,1.1666666666666667,1.1666666666666667,1.1666666666666667,1.3333333333333333,1.5,0.0,7.5
devils.one,4.0,4.0,7.0,1.0,4.0,6.0,1.0,27.0,3,15,1.3333333333333333,1.3333333333333333,2.3333333333333335,0.3333333333333333,1.3333333333333333,2.0,0.3333333333333333,9.0
e-Champ Gaming,5.0,0.0,7.0,6.0,0.0,1.0,0.0,19.0,4,9,1.25,0.0,1.75,1.5,0.0,0.25,0.0,4.75
eQuizers,8.0,10.0,4.0,9.0,4.0,8.0,3.0,46.0,11,17,0.7272727272727273,0.9090909090909091,0.36363636363636365,0.8181818181818182,0.36363636363636365,0.7272727272727273,0.2727272727272727,4.181818181818182
eSports Cologne e.V.,0.0,0.0,0.0,0.0,0.0,2.0,0.0,2.0,0,2,0.0,0.0,0.0,0.0,0.0,2.0,0.0,2.0
eSuba,23.0,21.0,25.0,25.0,31.0,34.0,2.0,161.0,46,73,0.5,0.45652173913043476,0.5434782608695652,0.5434782608695652,0.6739130434782609,0.7391304347826086,0.043478260869565216,3.5
evil genius (RTV Team),1.0,2.0,5.0,2.0,1.0,4.0,0.0,15.0,2,7,0.5,1.0,2.5,1.0,0.5,2.0,0.0,7.5
htp eSport Akademie Hannover,0.0,3.0,1.0,2.0,1.0,2.0,0.0,9.0,2,4,0.0,1.5,0.5,1.0,0.5,1.0,0.0,4.5
inf,13.0,9.0,14.0,14.0,9.0,12.0,2.0,73.0,19,29,0.6842105263157895,0.47368421052631576,0.7368421052631579,0.7368421052631579,0.47368421052631576,0.631578947368421,0.10526315789473684,3.8421052631578947
mCon esports,36.0,23.0,20.0,19.0,25.0,24.0,3.0,150.0,36,56,1.0,0.6388888888888888,0.5555555555555556,0.5277777777777778,0.6944444444444444,0.6666666666666666,0.08333333333333333,4.166666666666667
paiN Gaming,11.0,29.0,23.0,21.0,17.0,33.0,1.0,135.0,29,48,0.3793103448275862,1.0,0.7931034482758621,0.7241379310344828,0.5862068965517241,1.1379310344827587,0.034482758620689655,4.655172413793103
regnum4games,0.0,6.0,0.0,2.0,1.0,1.0,0.0,10.0,1,3,0.0,6.0,0.0,2.0,1.0,1.0,0.0,10.0
wangting,16.0,21.0,20.0,19.0,20.0,21.0,1.0,118.0,27,58,0.5925925925925926,0.7777777777777778,0.7407407407407407,0.7037037037037037,0.7407407407407407,0.7777777777777778,0.037037037037037035,4.37037037037037
ΣΤΕΝΑΧΩΡΕΜΕΝΟΙ,4.0,1.0,1.0,0.0,0.0,2.0,0.0,8.0,1,4,4.0,1.0,1.0,0.0,0.0,2.0,0.0,8.0
