teamname,firstmidtower,firsttothreetowers,turretplates,opp_turretplates,plate_diff
100 Thieves,0.5,0.575,3.55,3.8,-0.25
3BL Esports,0.42857142857142855,0.14285714285714285,4.0,5.857142857142857,-1.8571428571428568
5M Esports,0.0,0.0,3.0,6.5,-3.5
A One Man Army,0.5454545454545454,0.5,3.7954545454545454,3.659090909090909,0.13636363636363624
A One Man Army Prime,0.0,0.0,1.5,12.0,-10.5
A One Man Army Prime Academy,0.5,0.0,4.5,5.5,-1.0
AKA HERO,0.6666666666666666,1.0,9.666666666666666,2.3333333333333335,7.333333333333332
AVE Axolotl,0.49056603773584906,0.4716981132075472,4.09433962264151,3.509433962264151,0.5849056603773586
Actions Per Minute,0.4222222222222222,0.35555555555555557,2.911111111111111,4.8,-1.8888888888888888
All for One Gaming,0.0,0.0,4.5,7.0,-2.5
Alpha7 Esports,0.5555555555555556,0.5555555555555556,2.4444444444444446,2.888888888888889,-0.4444444444444442
Andromeda Gaming,0.5,0.5833333333333334,4.25,3.75,0.5
Ankora Gaming,0.4,0.4,4.2,6.0,-1.7999999999999998
Anubis Gaming,0.4626865671641791,0.5074626865671642,4.462686567164179,4.567164179104478,-0.10447761194029859
Anyone's Legend,0.6129032258064516,0.5483870967741935,2.161290322580645,2.967741935483871,-0.806451612903226
Anyone's Legend.Young,0.5454545454545454,0.45454545454545453,3.6363636363636362,4.454545454545454,-0.8181818181818179
Apex Mission Impossible,0.34615384615384615,0.2692307692307692,2.769230769230769,4.884615384615385,-2.115384615384616
Apex Predator,0.6,0.8,5.4,2.8,2.6000000000000005
Aurora,0.275,0.3,4.075,4.95,-0.875
Austrian Force willhaben,0.546875,0.46875,4.8125,4.40625,0.40625
BAAM Esports,0.4935064935064935,0.5194805194805194,4.974025974025974,4.285714285714286,0.6883116883116882
BBL Dark Passage,0.34782608695652173,0.41304347826086957,2.6739130434782608,3.5434782608695654,-0.8695652173913047
BERZLOY,0.25,0.25,4.75,4.75,0.0
BK ROG Esports,0.5974025974025974,0.6233766233766234,3.883116883116883,2.8701298701298703,1.0129870129870127
BNK FEARX,0.4358974358974359,0.44871794871794873,3.6923076923076925,3.91025641025641,-0.21794871794871762
BNK FEARX Academy,0.5490196078431373,0.45098039215686275,5.392156862745098,5.529411764705882,-0.13725490196078383
BNK FEARX Youth,0.5096153846153846,0.5096153846153846,3.5865384615384617,3.7211538461538463,-0.13461538461538458
BRUTE,0.2894736842105263,0.3157894736842105,3.8947368421052633,5.421052631578948,-1.5263157894736845
BWE Esports,0.6666666666666666,0.6666666666666666,7.333333333333333,3.6666666666666665,3.6666666666666665
Back2TheGame,0.4098360655737705,0.4262295081967213,3.0655737704918034,4.229508196721311,-1.163934426229508
Bamboo Juice,0.2777777777777778,0.4444444444444444,3.9444444444444446,5.166666666666667,-1.2222222222222223
Barcząca Esports,0.3333333333333333,0.16666666666666666,1.8333333333333333,2.5,-0.6666666666666667
Barça eSports,0.32,0.45,3.78,4.96,-1.1800000000000002
BeFive,0.425531914893617,0.46808510638297873,3.8085106382978724,4.085106382978723,-0.2765957446808507
Berimbados,0.0,0.0,0.5,7.5,-7.0
Berlin International Gaming,0.788235294117647,0.7294117647058823,5.376470588235295,3.2823529411764705,2.094117647058824
Beşiktaş Esports,0.4418604651162791,0.4418604651162791,3.2790697674418605,2.8372093023255816,0.44186046511627897
Bilibili Gaming,0.625,0.5,4.25,3.2083333333333335,1.0416666666666665
Bilibili Gaming Junior,0.14285714285714285,0.2857142857142857,2.857142857142857,3.5714285714285716,-0.7142857142857144
Black Dog,0.5,0.3,4.7,4.6,0.10000000000000053
Black Lion,0.0,0.0,1.5,6.5,-5.0
BloomStorm,0.2,0.2,3.3,6.2,-2.9000000000000004
Blue Otter,0.3939393939393939,0.3333333333333333,2.4242424242424243,4.303030303030303,-1.8787878787878785
BoostGate Esports,0.5857142857142857,0.6,4.328571428571428,3.8285714285714287,0.49999999999999956
BraVeLY,0.42857142857142855,0.38095238095238093,3.1904761904761907,5.119047619047619,-1.928571428571428
Broke,0.0,0.0,5.0,8.0,-3.0
Bulldog Esports,0.41304347826086957,0.391304347826087,3.0869565217391304,5.326086956521739,-2.239130434782609
Burning Core Toyama,0.6226415094339622,0.5471698113207547,5.056603773584905,4.433962264150943,0.6226415094339623
Bushido Wildcats,0.4666666666666667,0.4444444444444444,2.8222222222222224,3.577777777777778,-0.7555555555555555
CCG Esports,0.4594594594594595,0.5135135135135135,3.5675675675675675,3.135135135135135,0.43243243243243246
CGN Esports,0.4,0.5,3.975,4.6,-0.6249999999999996
CITA Kaizen,0.5833333333333334,0.4583333333333333,4.083333333333333,4.875,-0.791666666666667
CORE 128,0.35714285714285715,0.2857142857142857,2.5714285714285716,4.785714285714286,-2.214285714285714
CTBC Flying Oyster,0.6631578947368421,0.6947368421052632,4.957894736842105,3.473684210526316,1.4842105263157892
CTBC Flying Oyster Academy,0.5192307692307693,0.5,4.673076923076923,4.519230769230769,0.1538461538461542
Caldya Esport,0.5,0.625,4.0,2.875,1.125
Chiefs Esports Club,0.21428571428571427,0.19047619047619047,2.4761904761904763,4.309523809523809,-1.833333333333333
Citadel Gaming,0.25,0.4375,3.625,3.1875,0.4375
Clocks,0.6041666666666666,0.5625,4.104166666666667,3.5833333333333335,0.5208333333333335
Cloud9,0.5098039215686274,0.49019607843137253,3.3137254901960786,3.627450980392157,-0.3137254901960782
Colossal Gaming,0.5882352941176471,0.7352941176470589,4.088235294117647,3.588235294117647,0.49999999999999956
Connect Arena Esports,0.0625,0.0625,2.9375,7.375,-4.4375
Contrata Logo Meu Time,0.7142857142857143,0.6428571428571429,4.285714285714286,2.357142857142857,1.9285714285714284
Conviction,0.6444444444444445,0.6666666666666666,4.222222222222222,3.8,0.4222222222222225
Corinthians Esports,0.45652173913043476,0.5,3.5434782608695654,3.5217391304347827,0.021739130434782705
Crusaders,0.625,0.5,3.875,4.125,-0.25
Crvena zvezda Esports,0.7352941176470589,0.7205882352941176,5.5588235294117645,3.0294117647058822,2.5294117647058822
Cupid Esports,0.25,0.25,2.25,4.25,-2.0
DCT eSports,0.8,0.7,3.4,3.6,-0.20000000000000018
DKB XPERION NXT,0.5,0.3333333333333333,3.5,5.833333333333333,-2.333333333333333
DMG Esports,0.425,0.375,3.175,5.025,-1.8500000000000005
DN Freecs,0.4230769230769231,0.358974358974359,3.0256410256410255,3.2564102564102564,-0.23076923076923084
DN Freecs Academy,0.484375,0.421875,5.015625,4.078125,0.9375
DN Freecs Challengers,0.6404494382022472,0.6179775280898876,3.9887640449438204,2.752808988764045,1.2359550561797756
DOCISK,0.2692307692307692,0.23076923076923078,3.6153846153846154,5.8076923076923075,-2.192307692307692
DRX,0.4186046511627907,0.38372093023255816,2.8372093023255816,3.6744186046511627,-0.8372093023255811
DRX Academy,0.1,0.1,1.9,6.54,-4.640000000000001
DRX Challengers,0.5666666666666667,0.6,3.7444444444444445,3.088888888888889,0.6555555555555554
Dark Roses,0.16666666666666666,0.3333333333333333,4.333333333333333,5.166666666666667,-0.8333333333333339
DarkZero Dragonsteel,0.5333333333333333,0.5777777777777777,4.111111111111111,2.7333333333333334,1.3777777777777773
Deep Cross Gaming,0.7176470588235294,0.7529411764705882,5.047058823529412,3.447058823529412,1.5999999999999996
Delta Syndicate,0.46511627906976744,0.4883720930232558,3.6744186046511627,4.348837209302325,-0.6744186046511627
Deltan Gaming,0.5945945945945946,0.6486486486486487,4.702702702702703,3.8378378378378377,0.8648648648648649
DetonatioN FocusMe,0.4,0.35,3.1,3.75,-0.6499999999999999
DetonatioN FocusMe Academy,0.5,0.4318181818181818,3.6363636363636362,5.0,-1.3636363636363638
Dignitas,0.3142857142857143,0.3142857142857143,2.857142857142857,3.342857142857143,-0.48571428571428577
Disguised,0.21428571428571427,0.25,3.8214285714285716,3.75,0.07142857142857162
Diver (Portuguese Team),0.5,0.5,3.0,3.5,-0.5
Divernex,0.3684210526315789,0.39473684210526316,3.6578947368421053,4.052631578947368,-0.39473684210526283
Diversion Gaming,0.43859649122807015,0.5789473684210527,4.315789473684211,4.245614035087719,0.07017543859649145
Dopamina E-Sport,0.5757575757575758,0.48484848484848486,4.151515151515151,4.121212121212121,0.030303030303030276
Dorado Gaming,0.5882352941176471,0.5294117647058824,2.764705882352941,3.4705882352941178,-0.7058823529411766
Dplus KIA,0.5638297872340425,0.5106382978723404,3.202127659574468,3.5531914893617023,-0.3510638297872344
Dplus KIA Challengers,0.20689655172413793,0.19540229885057472,1.7701149425287357,4.402298850574713,-2.6321839080459775
Dplus KIA Youth,0.5967741935483871,0.6129032258064516,5.048387096774194,3.3225806451612905,1.7258064516129035
Dragons Esports,0.5526315789473685,0.5263157894736842,4.0,3.789473684210526,0.2105263157894739
Dream Makers,0.4375,0.4375,4.375,3.9375,0.4375
Dream in 24,0.65,0.7,5.925,3.35,2.5749999999999997
Dung Dynasty,0.5384615384615384,0.5384615384615384,4.884615384615385,4.615384615384615,0.26923076923077005
Dynamo Eclot,0.5714285714285714,0.4857142857142857,4.142857142857143,4.828571428571428,-0.685714285714285
Dynamo Eclot Talents,0.27586206896551724,0.3448275862068966,2.896551724137931,4.827586206896552,-1.9310344827586206
E WIE EINFACH E-SPORTS,0.3974358974358974,0.34615384615384615,3.6025641025641026,5.166666666666667,-1.5641025641025643
EDG Youth Team,0.36363636363636365,0.36363636363636365,4.181818181818182,4.454545454545454,-0.2727272727272725
EDward Gaming,,,,,
EKO Esports,0.43243243243243246,0.32432432432432434,4.594594594594595,5.756756756756757,-1.1621621621621623
EXILE esports,0.37142857142857144,0.2857142857142857,2.942857142857143,4.685714285714286,-1.7428571428571429
Eintracht Frankfurt,0.33962264150943394,0.37735849056603776,3.452830188679245,3.9056603773584904,-0.4528301886792452
Eintracht Spandau,0.5,0.4318181818181818,4.454545454545454,3.8181818181818183,0.6363636363636358
Entropiq,0.4925373134328358,0.582089552238806,3.925373134328358,3.3582089552238807,0.5671641791044775
Esprit Shōnen,0.7358490566037735,0.7924528301886793,5.773584905660377,3.018867924528302,2.7547169811320753
Estral Esports,0.8571428571428571,1.0,6.714285714285714,2.4285714285714284,4.2857142857142865
Eternal Fire,0.5833333333333334,0.5,3.4722222222222223,3.0555555555555554,0.41666666666666696
Ethereal Enigmas,0.45098039215686275,0.39215686274509803,3.7450980392156863,4.568627450980392,-0.8235294117647056
Evolve eSports,0.0,0.0,2.5,9.0,-6.5
FN Esports,0.6111111111111112,0.6111111111111112,4.222222222222222,3.7222222222222223,0.5
FURIA,0.639344262295082,0.6557377049180327,3.9672131147540983,3.3114754098360657,0.6557377049180326
FUSION (Latin American Team),0.4444444444444444,0.4444444444444444,4.666666666666667,4.555555555555555,0.1111111111111116
Falke Esports,0.6511627906976745,0.627906976744186,4.093023255813954,3.302325581395349,0.7906976744186047
Fantastic Esports,0.5,0.5,3.8333333333333335,5.166666666666667,-1.3333333333333335
Farenvehn,0.8571428571428571,0.8095238095238095,4.571428571428571,2.1666666666666665,2.4047619047619047
FlameHard,0.6842105263157895,0.8421052631578947,5.526315789473684,3.6842105263157894,1.8421052631578947
Flamengo MDL,0.3333333333333333,0.358974358974359,3.2051282051282053,3.7948717948717947,-0.5897435897435894
Fluxo W7M,0.1111111111111111,0.037037037037037035,2.6666666666666665,4.444444444444445,-1.7777777777777781
FlyQuest,0.6615384615384615,0.7076923076923077,4.3076923076923075,3.0615384615384613,1.2461538461538462
Fnatic,0.546875,0.59375,4.84375,4.0625,0.78125
Fog Esports,0.4482758620689655,0.4482758620689655,4.293103448275862,4.344827586206897,-0.0517241379310347
Footprint Gaming,0.3333333333333333,0.3333333333333333,2.3333333333333335,6.333333333333333,-3.9999999999999996
For The Win Esports,0.5384615384615384,0.5384615384615384,5.115384615384615,3.6153846153846154,1.4999999999999996
Forsaken,0.5666666666666667,0.65,4.65,3.65,1.0000000000000004
Fox Gaming,0.509090909090909,0.4727272727272727,3.8363636363636364,4.109090909090909,-0.27272727272727293
Fractious eSports,0.25,0.4166666666666667,3.6666666666666665,5.25,-1.5833333333333335
Frank Esports,0.6144578313253012,0.6265060240963856,4.349397590361446,3.5301204819277108,0.8192771084337349
Fuego,0.625,0.6,4.15,4.2,-0.04999999999999982
Fukuoka SoftBank HAWKS gaming,0.34782608695652173,0.30434782608695654,2.5,4.108695652173913,-1.608695652173913
FunPlus Phoenix,,,,,
G2 Esports,0.47674418604651164,0.5232558139534884,4.604651162790698,4.058139534883721,0.5465116279069768
G2 Hel,0.3870967741935484,0.3870967741935484,3.032258064516129,4.032258064516129,-1.0
GAM Esports,0.4939759036144578,0.4939759036144578,3.5180722891566263,3.8072289156626504,-0.28915662650602414
GIANTX Pride,0.71875,0.71875,5.390625,3.328125,2.0625
GLORE,0.4,0.3,3.66,5.28,-1.62
GMBLERS Esports,0.5208333333333334,0.5,4.541666666666667,4.604166666666667,-0.0625
GOAL,0.48,0.48,4.16,5.2,-1.04
GTZ Esports,0.5,0.5384615384615384,3.9615384615384617,3.6923076923076925,0.26923076923076916
Galions,0.6481481481481481,0.5185185185185185,3.6666666666666665,3.8703703703703702,-0.20370370370370372
GameWard,0.3333333333333333,0.2564102564102564,2.923076923076923,4.6923076923076925,-1.7692307692307696
Gamespace Mediterranean College Esports,0.6190476190476191,0.5873015873015873,5.126984126984127,3.619047619047619,1.5079365079365084
Gaming Barcelona,0.2222222222222222,0.16666666666666666,2.3333333333333335,5.277777777777778,-2.944444444444444
Geekay Esports,0.7631578947368421,0.8421052631578947,5.644736842105263,2.8684210526315788,2.776315789473684
Gen.G,0.6666666666666666,0.7166666666666667,3.85,2.9916666666666667,0.8583333333333334
Gen.G Global Academy,0.6421052631578947,0.5473684210526316,3.7157894736842105,3.6842105263157894,0.03157894736842115
Gen.G Scholars,0.7076923076923077,0.7384615384615385,5.538461538461538,2.7384615384615385,2.8
GenZ Gaming,0.2857142857142857,0.2857142857142857,4.571428571428571,5.142857142857143,-0.5714285714285721
GenZ Gaming (2025 Vietnamese Team),0.5714285714285714,0.5714285714285714,5.0,3.857142857142857,1.1428571428571428
Gentle Mates,0.4411764705882353,0.4411764705882353,3.661764705882353,4.044117647058823,-0.38235294117647056
Geração Estrutura,0.25,0.25,3.5,5.0,-1.5
GiantX,0.42857142857142855,0.46938775510204084,3.3469387755102042,4.489795918367347,-1.1428571428571423
GnG Amazigh,0.5342465753424658,0.5342465753424658,4.068493150684931,4.095890410958904,-0.027397260273972712
Golden Lions,0.4117647058823529,0.35294117647058826,3.588235294117647,3.2941176470588234,0.2941176470588238
Green Dolphin Gaming,0.38095238095238093,0.38095238095238093,4.238095238095238,3.9047619047619047,0.3333333333333335
Ground Zero Gaming,0.2807017543859649,0.2631578947368421,3.508771929824561,5.543859649122807,-2.035087719298246
Grow uP eSports,0.5,0.25,2.5,8.25,-5.75
Guasones,0.14814814814814814,0.1111111111111111,2.2222222222222223,5.518518518518518,-3.296296296296296
Guinea Pink,0.48484848484848486,0.5757575757575758,4.0606060606060606,3.606060606060606,0.4545454545454546
Gwenchana,0.6,0.4,4.7,3.2,1.5
HELL PIGS,0.24528301886792453,0.20754716981132076,3.981132075471698,5.849056603773585,-1.867924528301887
HST,0.5,0.25,2.0,5.25,-3.25
HUTECH CHICKEN,0.6,0.4,4.8,4.0,0.7999999999999998
Hands,0.03571428571428571,0.07142857142857142,2.6785714285714284,6.678571428571429,-4.0
Hanoi Rookies Esports,0.5,0.4166666666666667,5.0,5.333333333333333,-0.33333333333333304
Hanwha Life Esports,0.5462184873949579,0.6218487394957983,4.100840336134453,3.2941176470588234,0.80672268907563
Hanwha Life Esports Academy,0.3333333333333333,0.4666666666666667,3.32,4.8133333333333335,-1.4933333333333336
Hanwha Life Esports Challengers,0.5056179775280899,0.4606741573033708,3.5168539325842696,3.449438202247191,0.06741573033707837
Howl Esports,0.42857142857142855,0.5714285714285714,4.857142857142857,3.857142857142857,0.9999999999999996
Human Apex Predator,0.0,0.0,1.0,5.75,-4.75
Hungkuang Falcon (弘光獵鷹),0.1111111111111111,0.2222222222222222,4.166666666666667,7.5,-3.333333333333333
Hurricane of Feathers,0.6153846153846154,0.38461538461538464,2.4615384615384617,4.0,-1.5384615384615383
Hyper Vortex Esports,0.7142857142857143,0.7142857142857143,4.428571428571429,2.642857142857143,1.785714285714286
Ici Japon Corp. Esport,0.5285714285714286,0.5285714285714286,3.5142857142857142,2.857142857142857,0.657142857142857
Icon Esports,0.21428571428571427,0.21428571428571427,1.7857142857142858,5.0,-3.2142857142857144
Icon Esports (Mexican Team),0.0,0.0,3.3333333333333335,5.333333333333333,-1.9999999999999996
Inside Games,0.3333333333333333,0.3333333333333333,4.333333333333333,5.666666666666667,-1.333333333333334
Invictus Gaming,,,,,
Isurus,0.75,0.5,3.25,4.875,-1.625
Isurus Estral,0.5789473684210527,0.47368421052631576,4.105263157894737,4.0,0.10526315789473717
IziDream,0.5434782608695652,0.5434782608695652,5.0,4.1521739130434785,0.8478260869565215
JD Gaming,,,,,
JY Gaming,0.0,0.0,2.0,6.5,-4.5
Joblife,0.5116279069767442,0.3488372093023256,2.86046511627907,3.441860465116279,-0.581395348837209
Jolly Rogers,0.45454545454545453,0.45454545454545453,4.363636363636363,3.272727272727273,1.0909090909090904
Jörmungang,0.3157894736842105,0.3684210526315789,3.4210526315789473,5.473684210526316,-2.0526315789473686
KAOS e-sport,0.29411764705882354,0.23529411764705882,3.2058823529411766,5.470588235294118,-2.264705882352941
KIA.eSuba Academy,0.7058823529411765,0.6470588235294118,4.735294117647059,3.3676470588235294,1.3676470588235294
KT Rolster,0.45555555555555555,0.36666666666666664,3.2888888888888888,4.0,-0.7111111111111112
KT Rolster Academy,0.6351351351351351,0.6351351351351351,4.162162162162162,3.5945945945945947,0.5675675675675675
KT Rolster Challengers,0.5416666666666666,0.6354166666666666,4.614583333333333,3.6979166666666665,0.9166666666666665
KaBuM! Ilha das Lendas,0.47368421052631576,0.47368421052631576,3.4210526315789473,2.710526315789474,0.7105263157894735
Kareha Children,0.5348837209302325,0.3953488372093023,4.0,4.488372093023256,-0.4883720930232558
Karmine Corp,0.5806451612903226,0.5698924731182796,4.268817204301075,3.6881720430107525,0.5806451612903225
Karmine Corp Blue,0.6627906976744186,0.6744186046511628,4.023255813953488,2.872093023255814,1.1511627906976742
Karmine Corp Blue Stars,0.4722222222222222,0.3611111111111111,3.6944444444444446,4.416666666666667,-0.7222222222222223
Kaufland Hangry Knights,0.52,0.64,4.573333333333333,3.6,0.9733333333333332
Kawaii Kiwis,0.6571428571428571,0.5142857142857142,3.5142857142857142,3.8,-0.2857142857142856
Keypulse Esports,0.3076923076923077,0.23076923076923078,2.6153846153846154,5.384615384615385,-2.7692307692307696
Kiedyś Miałem Fun,0.6538461538461539,0.6923076923076923,5.076923076923077,4.038461538461538,1.0384615384615383
KrabbelGruppeAlpha,0.0,0.0,1.5,8.0,-6.5
Kyo eSports,0.42857142857142855,0.42857142857142855,3.7142857142857144,5.428571428571429,-1.7142857142857144
LGD Gaming,,,,,
LGD Gaming Young Team,0.7777777777777778,0.4444444444444444,3.6666666666666665,2.888888888888889,0.7777777777777777
LNG Academy,0.4,0.6,4.7,3.5,1.2000000000000002
LNG Esports,,,,,
LODIS,0.40625,0.375,3.15625,4.3125,-1.15625
LOUD,0.6739130434782609,0.5434782608695652,4.086956521739131,3.3260869565217392,0.7608695652173916
LUA Gaming,0.5227272727272727,0.5227272727272727,3.977272727272727,3.727272727272727,0.25
LYON,0.41379310344827586,0.5172413793103449,3.206896551724138,3.586206896551724,-0.3793103448275863
LYON Academy,0.72,0.44,3.36,3.84,-0.48
Lechuga Gaming,0.8333333333333334,0.5833333333333334,5.166666666666667,3.9166666666666665,1.2500000000000004
Lenovo Legion Honvéd,0.42857142857142855,0.35714285714285715,3.357142857142857,4.357142857142857,-0.9999999999999996
Leviatan,0.41935483870967744,0.41935483870967744,3.0,3.3870967741935485,-0.3870967741935485
Leões Porto Salvo Esports,0.5714285714285714,0.42857142857142855,3.4285714285714284,5.285714285714286,-1.8571428571428572
Ligre Gaming,0.2,0.0,2.6,6.8,-4.199999999999999
Lille Esport,0.37142857142857144,0.42857142857142855,3.8857142857142857,4.228571428571429,-0.34285714285714297
LittleSans,0.4,0.6,3.2,2.8,0.40000000000000036
Los Grandes,0.5405405405405406,0.5135135135135135,3.2432432432432434,3.081081081081081,0.16216216216216228
Los Heretics,0.6875,0.725,4.975,2.8375,2.1374999999999997
Los Ratones,0.5365853658536586,0.5975609756097561,5.341463414634147,3.731707317073171,1.6097560975609757
Luminosity Gaming,0.7619047619047619,0.8095238095238095,3.738095238095238,2.1904761904761907,1.5476190476190474
Lundqvist Lightside,0.42857142857142855,0.45714285714285713,3.8285714285714287,3.9714285714285715,-0.1428571428571428
Lupus Esports,0.16,0.16,2.96,6.2,-3.24
MGN Vikings Academy,0.30434782608695654,0.5217391304347826,3.9565217391304346,4.130434782608695,-0.17391304347826075
MGN Vikings Esports,0.5238095238095238,0.5396825396825397,4.031746031746032,2.9682539682539684,1.0634920634920633
MY STAR,0.4411764705882353,0.4411764705882353,3.6176470588235294,4.970588235294118,-1.3529411764705883
Macko Esports,0.47368421052631576,0.631578947368421,7.157894736842105,4.157894736842105,3.0
Magaza Esports,0.4166666666666667,0.3333333333333333,3.0,3.3333333333333335,-0.3333333333333335
Malvinas Gaming,0.45,0.4,2.75,4.35,-1.5999999999999996
Maze Gaming,0.3611111111111111,0.4722222222222222,2.7777777777777777,3.7222222222222223,-0.9444444444444446
Meavedron,0.5416666666666666,0.5833333333333334,5.083333333333333,3.8055555555555554,1.2777777777777777
Melilla Titans,0.0,0.0,2.5,4.5,-2.0
Mental Over Tempo,0.3,0.4,2.8,5.3,-2.5
Metin2 Enjoyers,0.0,0.0,1.0,12.0,-11.0
Mighty Eagles,0.375,0.375,4.75,4.375,0.375
Mila Gaming,0.375,0.375,3.375,5.875,-2.5
Misa Esports,0.7058823529411765,0.6764705882352942,4.117647058823529,2.8823529411764706,1.2352941176470584
Monta Club,0.6470588235294118,0.6764705882352942,4.647058823529412,3.676470588235294,0.9705882352941182
Movistar KOI,0.5316455696202531,0.5189873417721519,4.0886075949367084,3.8607594936708862,0.22784810126582222
Movistar KOI Fénix,0.627906976744186,0.5348837209302325,4.023255813953488,3.9767441860465116,0.04651162790697683
Myth Esports,0.4782608695652174,0.5217391304347826,4.130434782608695,4.217391304347826,-0.08695652173913082
Münster Esports - Golden Goats,0.0,0.0,2.5,14.0,-11.5
NGU eSports,0.6666666666666666,0.6666666666666666,7.333333333333333,4.0,3.333333333333333
NORD Esports,0.6071428571428571,0.6071428571428571,5.285714285714286,4.196428571428571,1.0892857142857144
NORTHS FURY,0.2,0.4,3.6,5.8,-2.1999999999999997
Natus Vincere,0.0,0.0,2.5,6.5,-4.0
Near Airport,0.5526315789473685,0.5789473684210527,4.157894736842105,3.6842105263157894,0.47368421052631593
Never Give Up,0.38461538461538464,0.4230769230769231,3.6923076923076925,5.076923076923077,-1.3846153846153841
Nice Try,0.4444444444444444,0.5555555555555556,4.555555555555555,2.7777777777777777,1.7777777777777777
Night Cap,0.5833333333333334,0.4166666666666667,2.25,3.75,-1.5
Nightbirds,0.7272727272727273,0.7424242424242424,5.484848484848484,2.6666666666666665,2.818181818181818
Nigma Galaxy,0.20689655172413793,0.20689655172413793,2.6551724137931036,6.586206896551724,-3.9310344827586206
Ninjas in Pyjamas,,,,,
No Barry Berry,0.6,0.4,3.8,3.6,0.19999999999999973
Nocturne Gale,0.5555555555555556,0.5555555555555556,4.0,3.611111111111111,0.38888888888888884
Nongshim Esports Academy,0.5176470588235295,0.5058823529411764,3.5058823529411764,3.235294117647059,0.2705882352941176
Nongshim RedForce,0.4375,0.53125,3.96875,3.7916666666666665,0.17708333333333348
Nongshim RedForce Academy,0.22641509433962265,0.20754716981132076,2.358490566037736,5.9245283018867925,-3.5660377358490565
ODD Esports,0.30303030303030304,0.30303030303030304,3.3636363636363638,5.090909090909091,-1.727272727272727
OKSavingsBank BRION,0.5063291139240507,0.4050632911392405,2.721518987341772,3.518987341772152,-0.79746835443038
OKSavingsBank BRION Challengers,0.367816091954023,0.39080459770114945,2.9885057471264367,4.195402298850575,-1.2068965517241383
Odivelas Sports Club,0.42857142857142855,0.4642857142857143,3.3214285714285716,3.7857142857142856,-0.46428571428571397
Oh My God,,,,,
Oh My God Academy,0.5714285714285714,0.7142857142857143,5.0,2.2857142857142856,2.7142857142857144
Once Upon A Team,0.4473684210526316,0.4473684210526316,3.263157894736842,4.2894736842105265,-1.0263157894736845
One More Esports,0.36923076923076925,0.24615384615384617,3.5076923076923077,4.907692307692308,-1.4000000000000004
Orbit Anonymo Esports,0.2978723404255319,0.23404255319148937,2.765957446808511,4.829787234042553,-2.063829787234042
Orzeł Barcząca Esports,0.2,0.2,2.8,6.0,-3.2
Otter Side,1.0,1.0,4.0,1.0,3.0
Oxygen Gaming,0.6341463414634146,0.6097560975609756,4.170731707317073,3.682926829268293,0.4878048780487805
PRINCIPALITY,0.3,0.2,3.7,4.9,-1.2000000000000002
PSG Talon,0.5492957746478874,0.5915492957746479,3.2253521126760565,3.2253521126760565,0.0
PSG Talon Academy,0.45454545454545453,0.4727272727272727,4.2727272727272725,4.545454545454546,-0.2727272727272734
PaiDA Miwan Bao,0.0,0.0,1.0,7.0,-6.0
Papara SuperMassive,0.45,0.5166666666666667,3.45,3.4166666666666665,0.03333333333333366
Papo Secos,0.0,0.0,2.5,4.0,-1.5
Paputs Gaming,0.0,0.0,1.6,7.6,-6.0
Partizan Esports,0.4444444444444444,0.4444444444444444,5.333333333333333,6.555555555555555,-1.2222222222222223
Partizan Sangal,0.6590909090909091,0.5681818181818182,4.5,3.3636363636363638,1.1363636363636362
Permitta eSports,0.0,0.0,1.2,6.2,-5.0
Priority,0.18181818181818182,0.0,2.6363636363636362,5.181818181818182,-2.5454545454545454
Project Conquerors,0.3050847457627119,0.3898305084745763,4.237288135593221,5.440677966101695,-1.203389830508474
Pulse Star,0.40625,0.25,3.125,5.40625,-2.28125
PÊEK Gaming,0.43478260869565216,0.6086956521739131,4.913043478260869,3.217391304347826,1.695652173913043
QT DIG∞,0.7358490566037735,0.6792452830188679,5.452830188679245,2.792452830188679,2.660377358490566
RATZ,0.4827586206896552,0.5862068965517241,3.7241379310344827,4.310344827586207,-0.5862068965517246
RED Academy,0.6756756756756757,0.6216216216216216,3.864864864864865,2.8378378378378377,1.0270270270270272
RED Canids,0.4444444444444444,0.5555555555555556,3.7777777777777777,3.25,0.5277777777777777
REDPack Esports,0.2,0.2,2.8,8.0,-5.2
REJECT,0.7142857142857143,0.7857142857142857,5.821428571428571,2.9642857142857144,2.8571428571428568
ROSSMANN Centaurs,0.5974025974025974,0.6233766233766234,4.467532467532467,4.337662337662338,0.12987012987012925
Radical Pop Gaming,0.045454545454545456,0.09090909090909091,1.7272727272727273,7.409090909090909,-5.681818181818182
Rage Bait e-Sports,0.5,0.5,7.5,2.5,5.0
Ramboot Club,0.5454545454545454,0.5,3.9318181818181817,4.0,-0.06818181818181834
Rich Gang,0.5333333333333333,0.5,4.266666666666667,3.3666666666666667,0.8999999999999999
Rise Gaming,0.45161290322580644,0.5483870967741935,3.4193548387096775,3.2580645161290325,0.16129032258064502
Rogue,0.27586206896551724,0.4482758620689655,3.7586206896551726,5.0344827586206895,-1.275862068965517
Royal Never Give Up,,,,,
Ruddy Esports,0.41025641025641024,0.38461538461538464,3.58974358974359,3.8205128205128207,-0.23076923076923084
SDM Tigres,0.5416666666666666,0.5,4.0,4.125,-0.125
SINS Esports,0.75,0.875,4.75,4.625,0.125
SK Gaming,0.375,0.25,4.0625,4.90625,-0.84375
SK Gaming Avarosa,0.0,0.0,3.0,10.0,-7.0
SN CyberCore Esports,0.21428571428571427,0.32142857142857145,3.1785714285714284,5.071428571428571,-1.8928571428571428
SPIKE Syndicate,0.56,0.58,4.18,4.1,0.08000000000000007
Saigon Dino,0.7659574468085106,0.723404255319149,5.212765957446808,3.723404255319149,1.4893617021276593
Saigon Secret,0.5945945945945946,0.4864864864864865,3.5945945945945947,3.5675675675675675,0.027027027027027195
Senshi eSports,0.6153846153846154,0.41025641025641024,4.538461538461538,3.5384615384615383,1.0
Seven Dark,0.047619047619047616,0.14285714285714285,2.7142857142857144,4.714285714285714,-2.0
Shopify Rebellion,0.391304347826087,0.32608695652173914,2.6956521739130435,3.8260869565217392,-1.1304347826086958
Sicar Esports,0.6,0.6,3.84,3.04,0.7999999999999998
Silent Storm Esports,0.1,0.1,5.4,6.6,-1.1999999999999993
Skillcamp,0.3611111111111111,0.2222222222222222,2.7777777777777777,4.638888888888889,-1.8611111111111116
Solary,0.24528301886792453,0.4528301886792453,4.09433962264151,3.1320754716981134,0.9622641509433962
Soul's Heart Esport,0.4,0.2,3.4,5.0,-1.6
Spirit Quartz Gaming,0.38235294117647056,0.35294117647058826,3.7941176470588234,4.205882352941177,-0.41176470588235325
Sponge Gaming,0.4,0.5,5.4,4.3,1.1000000000000005
Sportia Khore,0.5,0.5,2.5,3.0,-0.5
Stellae Gaming,0.5,0.5,3.347826086956522,3.0652173913043477,0.2826086956521743
StormMedia Fajnie Mieć Skład,0.5510204081632653,0.6122448979591837,4.510204081632653,3.938775510204082,0.5714285714285716
Str1ve eSports,0.0,0.0,3.0,10.0,-7.0
Supernova,0.48484848484848486,0.5151515151515151,4.96969696969697,4.0,0.9696969696969697
T1,0.5641025641025641,0.6239316239316239,4.47008547008547,3.358974358974359,1.1111111111111112
T1 Esports Academy,0.5700934579439252,0.616822429906542,4.373831775700935,3.121495327102804,1.2523364485981308
T1 Esports Academy Rookies,0.7424242424242424,0.696969696969697,4.96969696969697,2.712121212121212,2.257575757575758
Tan'i eSports CZ,0.5416666666666666,0.5,4.020833333333333,3.1666666666666665,0.8541666666666665
Team BDS,0.6428571428571429,0.5238095238095238,3.380952380952381,3.9761904761904763,-0.5952380952380953
Team BDS Academy,0.4827586206896552,0.5172413793103449,3.1379310344827585,4.482758620689655,-1.3448275862068964
Team Blaze 1,0.0,0.0,2.5,6.0,-3.5
Team Evermeet,0.4090909090909091,0.5454545454545454,4.136363636363637,3.8636363636363638,0.27272727272727293
Team Flash,0.45,0.475,4.875,3.525,1.35
Team Heretics,0.29545454545454547,0.2727272727272727,3.022727272727273,4.409090909090909,-1.3863636363636362
Team High Ground,1.0,1.0,6.0,2.5,3.5
Team Insidious,0.5208333333333334,0.5208333333333334,3.75,4.666666666666667,-0.916666666666667
Team Liquid,0.6166666666666667,0.55,3.7,3.033333333333333,0.666666666666667
Team Meliora,0.3333333333333333,0.3333333333333333,5.0,6.166666666666667,-1.166666666666667
Team Mentality,0.2,0.0,2.0,7.6,-5.6
Team Paradox,0.3157894736842105,0.42105263157894735,4.052631578947368,4.7631578947368425,-0.7105263157894743
Team Phantasma,0.5555555555555556,0.6666666666666666,5.135802469135802,3.8271604938271606,1.3086419753086416
Team Refuse,0.05555555555555555,0.16666666666666666,4.0,5.722222222222222,-1.7222222222222223
Team Revolta,0.0,0.0,5.0,9.0,-4.0
Team Secret Whales,0.6086956521739131,0.5434782608695652,3.4565217391304346,3.5869565217391304,-0.1304347826086958
Team Tockers,1.0,1.0,9.0,5.0,4.0
Team UNiTY,0.52,0.56,3.7,3.98,-0.2799999999999998
Team Valiant,0.717391304347826,0.6739130434782609,4.565217391304348,3.782608695652174,0.7826086956521738
Team Vitality,0.35135135135135137,0.3783783783783784,3.945945945945946,4.081081081081081,-0.13513513513513464
Team WE,,,,,
Team WE Academy,0.2857142857142857,0.2857142857142857,3.4285714285714284,4.857142857142857,-1.4285714285714284
TeamOrangeGaming,0.6129032258064516,0.5483870967741935,5.274193548387097,4.258064516129032,1.016129032258065
TeamOrangeGaming Academy,0.2857142857142857,0.42857142857142855,3.5714285714285716,6.285714285714286,-2.714285714285714
Temper &amp; Friends,0.6666666666666666,1.0,5.0,2.3333333333333335,2.6666666666666665
The Forbidden Five,0.1111111111111111,0.1111111111111111,1.5555555555555556,4.777777777777778,-3.2222222222222223
The Secret Club,0.29411764705882354,0.29411764705882354,4.176470588235294,4.529411764705882,-0.35294117647058787
ThunderTalk Gaming,,,,,
ThunderTalk Gaming Young,0.42857142857142855,0.42857142857142855,3.0,4.857142857142857,-1.8571428571428568
Tigers eSports,0.16666666666666666,0.16666666666666666,3.1666666666666665,4.5,-1.3333333333333335
Top Esports,0.36363636363636365,0.45454545454545453,4.0,4.818181818181818,-0.8181818181818183
Top Esports Challenger,0.75,0.625,5.0,3.5,1.5
UCAM Esports,0.6363636363636364,0.5454545454545454,4.840909090909091,3.0454545454545454,1.7954545454545454
ULF Esports,0.5161290322580645,0.5161290322580645,3.4193548387096775,3.5806451612903225,-0.16129032258064502
Ultra Prime,,,,,
Underworld Esports,0.4375,0.5,4.8125,5.75,-0.9375
Unicorns of Love Sexy Edition,0.4126984126984127,0.49206349206349204,4.920634920634921,4.238095238095238,0.6825396825396828
Universae Instituto FP,0.5,0.4375,3.6875,3.0625,0.625
V3 Esports,0.2692307692307692,0.38461538461538464,3.923076923076923,4.730769230769231,-0.8076923076923079
VARREL YOUTH,0.5686274509803921,0.6274509803921569,4.294117647058823,3.235294117647059,1.0588235294117645
VININE,0.3333333333333333,0.0,3.0,9.0,-6.0
Vancouver Impact,0.2222222222222222,0.0,3.111111111111111,4.777777777777778,-1.6666666666666665
VeLocitY (Japanese Team),0.1111111111111111,0.0,1.5555555555555556,6.0,-4.444444444444445
VelbeliKaizokudan,0.3157894736842105,0.3684210526315789,3.0526315789473686,4.473684210526316,-1.4210526315789473
Veni Vidi Vici,0.4489795918367347,0.4489795918367347,4.061224489795919,4.591836734693878,-0.5306122448979593
Venomcrest Esports,0.3870967741935484,0.4838709677419355,3.903225806451613,4.451612903225806,-0.5483870967741931
Venus Gaming,0.6666666666666666,0.6666666666666666,5.166666666666667,3.3333333333333335,1.8333333333333335
Verdant,0.7083333333333334,0.6875,4.3125,3.0416666666666665,1.2708333333333335
VfB eSports,0.0,0.3333333333333333,3.0,3.3333333333333335,-0.3333333333333335
Vitality.Bee,0.5454545454545454,0.5818181818181818,3.418181818181818,3.6545454545454548,-0.23636363636363678
Vivo Keyd Stars,0.2926829268292683,0.43902439024390244,2.731707317073171,4.097560975609756,-1.3658536585365852
Vivo Keyd Stars Academy,0.6904761904761905,0.6904761904761905,3.1666666666666665,3.261904761904762,-0.09523809523809534
Void Requiem,0.0,0.0,3.0,6.333333333333333,-3.333333333333333
Vortex (Japanese Team),0.5882352941176471,0.4117647058823529,3.176470588235294,3.411764705882353,-0.23529411764705888
WAP Esports,0.5,0.4375,3.34375,3.625,-0.28125
WLGaming Esports,0.6486486486486487,0.4594594594594595,4.675675675675675,3.972972972972973,0.7027027027027026
We Can Win,0.5454545454545454,0.45454545454545453,4.0,4.636363636363637,-0.6363636363636367
Weibo Gaming,,,,,
Weibo Gaming Youth Team,0.36363636363636365,0.36363636363636365,4.2727272727272725,2.8181818181818183,1.4545454545454541
West Point Esports,0.6296296296296297,0.6419753086419753,5.62962962962963,4.061728395061729,1.567901234567901
White Dragons,0.8571428571428571,0.5714285714285714,6.428571428571429,2.857142857142857,3.5714285714285716
Winthrop University,0.45454545454545453,0.45454545454545453,3.272727272727273,3.409090909090909,-0.13636363636363624
XV eSports,0.3333333333333333,0.4444444444444444,3.2222222222222223,4.666666666666667,-1.4444444444444446
Xibalbá Esports,0.4,0.4,2.6,5.4,-2.8000000000000003
Yang Yang Gaming,0.44642857142857145,0.5535714285714286,4.303571428571429,4.75,-0.4464285714285712
ZETA,0.1111111111111111,0.1111111111111111,2.6296296296296298,6.296296296296297,-3.666666666666667
ZGDX Gaming,0.2,0.2,2.6,4.1,-1.4999999999999996
Zena Esports,0.358974358974359,0.38461538461538464,3.58974358974359,5.282051282051282,-1.692307692307692
ZennIT,0.5692307692307692,0.5384615384615384,3.4615384615384617,3.8,-0.33846153846153815
Zerance,0.43902439024390244,0.43902439024390244,3.731707317073171,5.048780487804878,-1.3170731707317072
Zero Tenacity,0.7341772151898734,0.7215189873417721,5.594936708860759,3.088607594936709,2.5063291139240502
ZeroZone Gaming,0.09090909090909091,0.18181818181818182,2.1818181818181817,5.181818181818182,-3.0
Zerolag Esports,0.41025641025641024,0.3333333333333333,3.230769230769231,4.846153846153846,-1.615384615384615
Zeu5 Esports,0.3888888888888889,0.5555555555555556,4.805555555555555,3.0833333333333335,1.7222222222222219
aNc Legends,0.4166666666666667,0.2916666666666667,3.0833333333333335,4.583333333333333,-1.4999999999999996
devils.one,0.3333333333333333,0.13333333333333333,3.4,5.133333333333334,-1.7333333333333338
e-Champ Gaming,0.4444444444444444,0.3333333333333333,1.8888888888888888,3.7777777777777777,-1.8888888888888888
eQuizers,0.23529411764705882,0.47058823529411764,3.8823529411764706,4.411764705882353,-0.5294117647058827
eSports Cologne e.V.,1.0,1.0,2.0,1.0,1.0
eSuba,0.547945205479452,0.5205479452054794,3.9863013698630136,4.041095890410959,-0.05479452054794498
evil genius (RTV Team),0.5714285714285714,0.42857142857142855,3.5714285714285716,5.0,-1.4285714285714284
htp eSport Akademie Hannover,0.25,0.5,5.0,7.5,-2.5
inf,0.5862068965517241,0.5517241379310345,4.827586206896552,4.275862068965517,0.5517241379310347
mCon esports,0.6071428571428571,0.625,4.107142857142857,2.7857142857142856,1.3214285714285712
paiN Gaming,0.5,0.5,3.4375,3.5833333333333335,-0.14583333333333348
regnum4games,1.0,1.0,6.0,1.0,5.0
wangting,0.46551724137931033,0.41379310344827586,4.431034482758621,5.482758620689655,-1.0517241379310338
ΣΤΕΝΑΧΩΡΕΜΕΝΟΙ,0.25,0.0,4.5,5.75,-1.25
