teamname,dragons_per_game,heralds,barons,towers,gamelength
100 Thieves,2.375,0.55,0.725,6.1,2034.9
3BL Esports,2.5714285714285716,0.42857142857142855,0.14285714285714285,4.0,1772.2857142857142
5M Esports,2.5,0.5,0.5,4.0,1937.0
A One Man Army,2.2045454545454546,0.5227272727272727,0.38636363636363635,5.795454545454546,1932.5227272727273
A One Man Army Prime,0.0,0.0,0.0,0.5,1284.5
A One Man Army Prime Academy,1.5,1.0,0.0,4.0,1809.0
AKA HERO,1.6666666666666667,1.0,1.0,7.666666666666667,2066.3333333333335
AVE Axolotl,2.150943396226415,0.5660377358490566,0.4528301886792453,5.962264150943396,1896.9811320754718
Actions Per Minute,1.8444444444444446,0.4444444444444444,0.35555555555555557,4.933333333333334,1872.9333333333334
All for One Gaming,0.0,0.0,0.0,2.0,1536.0
Alpha7 Esports,1.6666666666666667,0.6666666666666666,0.6666666666666666,6.0,2013.6666666666667
Andromeda Gaming,2.0,0.4166666666666667,0.4166666666666667,6.0,1796.0833333333333
Ankora Gaming,1.8,0.4,0.2,4.2,1923.0
Anubis Gaming,1.8955223880597014,0.4626865671641791,0.43283582089552236,6.0,1935.4925373134329
Anyone's Legend,2.4166666666666665,0.5486111111111112,0.6666666666666666,6.555555555555555,1961.3472222222222
Anyone's Legend.Young,1.5454545454545454,0.7272727272727273,0.18181818181818182,5.090909090909091,1711.8181818181818
Apex Mission Impossible,1.8461538461538463,0.5,0.3076923076923077,4.076923076923077,2016.4615384615386
Apex Predator,2.8,0.4,0.8,8.8,1876.4
Aurora,1.625,0.3,0.2,4.125,1862.225
Austrian Force willhaben,2.265625,0.453125,0.53125,5.9375,1917.96875
BAAM Esports,2.1948051948051948,0.5064935064935064,0.5584415584415584,6.0519480519480515,1944.7012987012988
BBL Dark Passage,2.347826086956522,0.45652173913043476,0.6521739130434783,5.217391304347826,2080.6739130434785
BERZLOY,3.0,0.0,1.0,7.0,1947.0
BK ROG Esports,2.6103896103896105,0.5974025974025974,0.8051948051948052,7.1688311688311686,2099.3376623376626
BNK FEARX,2.1794871794871793,0.3974358974358974,0.4230769230769231,5.397435897435898,1879.051282051282
BNK FEARX Academy,1.5686274509803921,0.5686274509803921,0.43137254901960786,5.509803921568627,1759.0196078431372
BNK FEARX Youth,2.1923076923076925,0.5673076923076923,0.5480769230769231,5.846153846153846,1890.4903846153845
BRUTE,1.8421052631578947,0.21052631578947367,0.4473684210526316,3.9473684210526314,1874.3684210526317
BWE Esports,2.3333333333333335,0.6666666666666666,0.3333333333333333,8.666666666666666,2044.6666666666667
Back2TheGame,2.7868852459016393,0.5081967213114754,0.5901639344262295,6.360655737704918,1978.7540983606557
Bamboo Juice,2.4444444444444446,0.3333333333333333,0.3888888888888889,5.944444444444445,1759.888888888889
Barcząca Esports,2.8333333333333335,0.16666666666666666,0.6666666666666666,5.5,1998.5
Barça eSports,2.38,0.49,0.56,6.37,1926.61
BeFive,1.6170212765957446,0.3617021276595745,0.425531914893617,5.382978723404255,1761.4468085106382
Berimbados,1.0,0.0,0.0,0.5,1436.5
Berlin International Gaming,2.411764705882353,0.8,0.6,7.788235294117647,1816.764705882353
Beşiktaş Esports,2.1627906976744184,0.5348837209302325,0.46511627906976744,5.604651162790698,2044.3720930232557
Bilibili Gaming,2.524822695035461,0.5460992907801419,0.6382978723404256,7.092198581560283,1943.6950354609928
Bilibili Gaming Junior,1.7142857142857142,0.2857142857142857,0.14285714285714285,4.714285714285714,1962.5714285714287
Black Dog,2.1,0.5,0.0,4.5,1921.3
Black Lion,1.0,0.0,0.0,2.0,1647.5
BloomStorm,0.9,0.4,0.1,1.7,1680.6
Blue Otter,2.393939393939394,0.48484848484848486,0.48484848484848486,4.96969696969697,2050.181818181818
BoostGate Esports,2.642857142857143,0.5857142857142857,0.6428571428571429,6.5285714285714285,1938.7714285714285
BraVeLY,1.6666666666666667,0.5952380952380952,0.30952380952380953,4.285714285714286,1805.7857142857142
Broke,0.0,0.5,0.0,2.5,1503.0
Bulldog Esports,2.0434782608695654,0.5217391304347826,0.43478260869565216,5.586956521739131,2001.1521739130435
Burning Core Toyama,1.9056603773584906,0.5471698113207547,0.32075471698113206,5.754716981132075,1762.698113207547
Bushido Wildcats,2.2444444444444445,0.4222222222222222,0.5777777777777777,6.066666666666666,2026.6
CCG Esports,2.4324324324324325,0.4594594594594595,0.5675675675675675,5.756756756756757,2002.8918918918919
CGN Esports,2.625,0.375,0.7,7.35,1903.3
CITA Kaizen,2.4166666666666665,0.4583333333333333,0.625,6.5,1868.9583333333333
CORE 128,2.4285714285714284,0.35714285714285715,0.2857142857142857,3.7142857142857144,2085.285714285714
CTBC Flying Oyster,2.694736842105263,0.5473684210526316,0.631578947368421,7.315789473684211,1901.178947368421
CTBC Flying Oyster Academy,1.9230769230769231,0.6153846153846154,0.34615384615384615,5.6923076923076925,1851.7307692307693
Caldya Esport,2.625,0.875,1.25,8.375,2099.375
Chiefs Esports Club,1.2619047619047619,0.30952380952380953,0.30952380952380953,3.4285714285714284,1836.5714285714287
Citadel Gaming,2.375,0.25,0.75,6.6875,1949.875
Clocks,2.3541666666666665,0.5625,0.3333333333333333,6.416666666666667,1896.3333333333333
Cloud9,2.7254901960784315,0.49019607843137253,0.803921568627451,7.1568627450980395,1979.6666666666667
Colossal Gaming,2.6176470588235294,0.6176470588235294,0.6176470588235294,7.411764705882353,1808.8235294117646
Connect Arena Esports,0.625,0.3125,0.0,1.25,1582.9375
Contrata Logo Meu Time,1.9285714285714286,0.7142857142857143,0.35714285714285715,6.142857142857143,1863.0
Conviction,2.7111111111111112,0.4888888888888889,0.7555555555555555,7.088888888888889,2010.5111111111112
Corinthians Esports,2.347826086956522,0.4782608695652174,0.4782608695652174,6.434782608695652,2035.1304347826087
Crusaders,2.0,0.875,0.5,5.125,1690.875
Crvena zvezda Esports,2.5294117647058822,0.6617647058823529,0.5294117647058824,7.485294117647059,1846.2941176470588
Cupid Esports,0.5,0.25,0.25,3.5,1957.0
DCT eSports,2.5,0.8,0.4,6.6,2067.9
DKB XPERION NXT,2.3333333333333335,0.16666666666666666,0.8333333333333334,6.333333333333333,1936.5
DMG Esports,1.95,0.425,0.375,4.825,1817.25
DN Freecs,1.6282051282051282,0.47435897435897434,0.32051282051282054,3.948717948717949,1971.576923076923
DN Freecs Academy,2.625,0.46875,0.46875,6.265625,1886.4375
DN Freecs Challengers,2.056179775280899,0.550561797752809,0.4943820224719101,6.48314606741573,1930.2247191011236
DOCISK,2.423076923076923,0.34615384615384615,0.38461538461538464,4.653846153846154,1962.1153846153845
DRX,2.0,0.5232558139534884,0.5232558139534884,4.744186046511628,1984.2674418604652
DRX Academy,0.84,0.2,0.14,2.1,1731.22
DRX Challengers,2.4,0.5333333333333333,0.6444444444444445,6.844444444444444,2024.1444444444444
Dark Roses,2.1666666666666665,0.6666666666666666,0.3333333333333333,3.6666666666666665,1772.0
DarkZero Dragonsteel,2.3555555555555556,0.4666666666666667,0.5111111111111111,7.111111111111111,1991.5777777777778
Deep Cross Gaming,2.552941176470588,0.5764705882352941,0.4588235294117647,7.329411764705882,1740.9058823529413
Delta Syndicate,2.5348837209302326,0.5116279069767442,0.46511627906976744,5.232558139534884,1914.7209302325582
Deltan Gaming,2.5675675675675675,0.4594594594594595,0.4594594594594595,6.783783783783784,1721.162162162162
DetonatioN FocusMe,1.875,0.35,0.275,3.825,1931.975
DetonatioN FocusMe Academy,1.5681818181818181,0.4772727272727273,0.29545454545454547,5.318181818181818,1734.9772727272727
Dignitas,1.9142857142857144,0.45714285714285713,0.34285714285714286,4.314285714285714,2078.2
Disguised,1.7142857142857142,0.35714285714285715,0.25,3.8214285714285716,1973.9642857142858
Diver (Portuguese Team),3.5,0.0,1.5,8.5,2367.0
Divernex,1.9736842105263157,0.3157894736842105,0.5526315789473685,5.894736842105263,1905.9736842105262
Diversion Gaming,2.56140350877193,0.47368421052631576,0.631578947368421,7.0,1855.2456140350878
Dopamina E-Sport,1.878787878787879,0.6060606060606061,0.696969696969697,6.363636363636363,1931.5757575757575
Dorado Gaming,2.176470588235294,0.5294117647058824,0.47058823529411764,6.470588235294118,1864.0
Dplus KIA,2.351063829787234,0.5531914893617021,0.5,5.861702127659575,1966.468085106383
Dplus KIA Challengers,2.264367816091954,0.42528735632183906,0.4367816091954023,3.896551724137931,1971.057471264368
Dplus KIA Youth,2.3225806451612905,0.45161290322580644,0.4032258064516129,5.774193548387097,1817.4516129032259
Dragons Esports,2.5,0.5263157894736842,0.6578947368421053,6.7105263157894735,1953.5526315789473
Dream Makers,1.875,0.4375,0.5,5.625,1979.125
Dream in 24,2.525,0.625,0.375,7.675,1710.525
Dung Dynasty,2.8461538461538463,0.6153846153846154,0.6538461538461539,7.423076923076923,2046.923076923077
Dynamo Eclot,2.057142857142857,0.6571428571428571,0.5714285714285714,5.714285714285714,2005.4285714285713
Dynamo Eclot Talents,2.2413793103448274,0.3448275862068966,0.41379310344827586,4.517241379310345,1877.9655172413793
E WIE EINFACH E-SPORTS,2.141025641025641,0.44871794871794873,0.46153846153846156,5.961538461538462,1972.4358974358975
EDG Youth Team,2.727272727272727,0.5454545454545454,0.45454545454545453,5.363636363636363,1773.8181818181818
EDward Gaming,2.5,0.52,0.5,6.2,2013.32
EKO Esports,1.837837837837838,0.32432432432432434,0.4864864864864865,4.675675675675675,1866.4324324324325
EXILE esports,1.6285714285714286,0.5142857142857142,0.34285714285714286,3.8857142857142857,1906.142857142857
Eintracht Frankfurt,2.30188679245283,0.39622641509433965,0.7735849056603774,5.962264150943396,2027.1509433962265
Eintracht Spandau,1.9090909090909092,0.36363636363636365,0.5681818181818182,5.659090909090909,2017.840909090909
Entropiq,2.417910447761194,0.40298507462686567,0.6119402985074627,6.82089552238806,1887.1044776119404
Esprit Shōnen,2.69811320754717,0.6792452830188679,0.7735849056603774,8.037735849056604,1948.245283018868
Estral Esports,3.142857142857143,0.7142857142857143,0.7142857142857143,9.857142857142858,1810.857142857143
Eternal Fire,2.4444444444444446,0.4722222222222222,0.7777777777777778,6.277777777777778,2064.3055555555557
Ethereal Enigmas,2.4313725490196076,0.6078431372549019,0.47058823529411764,5.470588235294118,1923.3725490196077
Evolve eSports,1.0,0.0,0.0,1.5,1806.5
FN Esports,2.6666666666666665,0.5555555555555556,0.7222222222222222,7.055555555555555,1959.2777777777778
FURIA,2.2295081967213113,0.5245901639344263,0.639344262295082,6.540983606557377,1965.377049180328
FUSION (Latin American Team),2.0,0.5555555555555556,0.6666666666666666,7.555555555555555,1861.3333333333333
Falke Esports,2.4651162790697674,0.6046511627906976,0.6976744186046512,7.348837209302325,1968.7674418604652
Fantastic Esports,2.6666666666666665,0.5,0.5,6.333333333333333,1854.1666666666667
Farenvehn,2.4523809523809526,0.7142857142857143,0.6666666666666666,7.690476190476191,1975.452380952381
FlameHard,2.5789473684210527,0.7368421052631579,0.5789473684210527,8.631578947368421,1879.1315789473683
Flamengo MDL,2.717948717948718,0.41025641025641024,0.6153846153846154,6.153846153846154,2060.102564102564
Fluxo W7M,1.8518518518518519,0.2962962962962963,0.2222222222222222,3.259259259259259,1942.4444444444443
FlyQuest,2.646153846153846,0.5076923076923077,0.7230769230769231,7.4,2000.676923076923
Fnatic,2.53125,0.578125,0.71875,7.1875,1969.28125
Fog Esports,2.1551724137931036,0.5172413793103449,0.46551724137931033,5.586206896551724,1882.1206896551723
Footprint Gaming,1.6666666666666667,0.3333333333333333,0.3333333333333333,3.0,1574.3333333333333
For The Win Esports,2.1923076923076925,0.38461538461538464,0.5384615384615384,6.153846153846154,1835.576923076923
Forsaken,2.45,0.55,0.65,6.733333333333333,1980.6166666666666
Fox Gaming,2.1272727272727274,0.45454545454545453,0.6545454545454545,5.6909090909090905,1991.2363636363636
Fractious eSports,2.25,0.4166666666666667,0.5833333333333334,4.75,1973.4166666666667
Frank Esports,2.036144578313253,0.5060240963855421,0.4939759036144578,7.0120481927710845,1816.0481927710844
Fuego,2.625,0.6,0.825,7.1,2096.525
Fukuoka SoftBank HAWKS gaming,1.434782608695652,0.5217391304347826,0.41304347826086957,4.195652173913044,1883.9565217391305
FunPlus Phoenix,2.04040404040404,0.5252525252525253,0.36363636363636365,4.838383838383838,1953.909090909091
G2 Esports,2.4069767441860463,0.5,0.6162790697674418,6.523255813953488,1972.9767441860465
G2 Hel,2.161290322580645,0.41935483870967744,0.7096774193548387,6.903225806451613,2029.774193548387
GAM Esports,2.289156626506024,0.5421686746987951,0.4819277108433735,5.927710843373494,1970.012048192771
GIANTX Pride,2.328125,0.625,0.78125,7.765625,1962.0
GLORE,1.82,0.4,0.34,5.1,1824.86
GMBLERS Esports,2.4583333333333335,0.4791666666666667,0.5,6.270833333333333,1887.625
GOAL,2.04,0.48,0.4,6.0,1839.04
GTZ Esports,2.5,0.34615384615384615,0.5384615384615384,5.884615384615385,1925.8846153846155
Galions,2.4074074074074074,0.6296296296296297,0.7222222222222222,7.111111111111111,1988.6851851851852
GameWard,2.1025641025641026,0.5384615384615384,0.38461538461538464,3.7435897435897436,1991.5384615384614
Gamespace Mediterranean College Esports,2.4126984126984126,0.5238095238095238,0.6349206349206349,6.968253968253968,1912.1904761904761
Gaming Barcelona,1.8888888888888888,0.3333333333333333,0.3333333333333333,3.5555555555555554,1896.1666666666667
Geekay Esports,2.3684210526315788,0.6842105263157895,0.6447368421052632,8.618421052631579,1792.657894736842
Gen.G,2.658333333333333,0.5666666666666667,0.65,7.275,1901.3916666666667
Gen.G Global Academy,2.1473684210526316,0.5368421052631579,0.42105263157894735,5.5473684210526315,1918.6631578947367
Gen.G Scholars,1.5846153846153845,0.676923076923077,0.4461538461538462,7.3076923076923075,1773.4615384615386
GenZ Gaming,1.1428571428571428,0.2857142857142857,0.14285714285714285,3.2857142857142856,1935.0
GenZ Gaming (2025 Vietnamese Team),2.4285714285714284,0.42857142857142855,0.5714285714285714,6.714285714285714,1858.5714285714287
Gentle Mates,2.735294117647059,0.45588235294117646,0.6029411764705882,6.4411764705882355,2111.073529411765
Geração Estrutura,1.0,0.0,0.0,2.75,1723.5
GiantX,2.163265306122449,0.46938775510204084,0.7142857142857143,5.755102040816326,2028.9795918367347
GnG Amazigh,2.219178082191781,0.5753424657534246,0.5753424657534246,6.1506849315068495,1892.4520547945206
Golden Lions,2.4705882352941178,0.5294117647058824,0.7058823529411765,5.764705882352941,2034.0588235294117
Green Dolphin Gaming,2.2857142857142856,0.3333333333333333,0.5714285714285714,5.857142857142857,1994.7619047619048
Ground Zero Gaming,1.7017543859649122,0.38596491228070173,0.42105263157894735,4.12280701754386,1834.7368421052631
Grow uP eSports,1.25,0.25,0.5,5.25,1587.5
Guasones,1.5185185185185186,0.14814814814814814,0.18518518518518517,2.5185185185185186,1796.5185185185185
Guinea Pink,2.0,0.6060606060606061,0.6060606060606061,6.2727272727272725,1980.1515151515152
Gwenchana,1.5,0.6,0.0,5.5,1757.2
HELL PIGS,1.4528301886792452,0.24528301886792453,0.20754716981132076,3.7735849056603774,1724.5283018867924
HST,2.0,0.5,0.25,3.5,1850.5
HUTECH CHICKEN,2.2,1.0,0.0,4.8,1846.4
Hands,1.1785714285714286,0.07142857142857142,0.14285714285714285,2.357142857142857,1619.0357142857142
Hanoi Rookies Esports,1.4166666666666667,0.4166666666666667,0.25,5.25,1771.25
Hanwha Life Esports,2.495798319327731,0.48739495798319327,0.6470588235294118,6.781512605042017,1931.8655462184875
Hanwha Life Esports Academy,1.7733333333333334,0.56,0.6266666666666667,6.56,1865.8266666666666
Hanwha Life Esports Challengers,2.235955056179775,0.5730337078651685,0.5280898876404494,5.438202247191011,1965.314606741573
Howl Esports,1.1428571428571428,0.5714285714285714,0.42857142857142855,5.428571428571429,1708.4285714285713
Human Apex Predator,2.25,0.25,0.5,4.25,1699.5
Hungkuang Falcon (弘光獵鷹),0.6666666666666666,0.1111111111111111,0.05555555555555555,2.2777777777777777,1654.5555555555557
Hurricane of Feathers,1.6153846153846154,0.6153846153846154,0.23076923076923078,3.923076923076923,1977.0
Hyper Vortex Esports,2.642857142857143,0.42857142857142855,0.7857142857142857,8.214285714285714,2005.5
Ici Japon Corp. Esport,2.242857142857143,0.4714285714285714,0.6,6.142857142857143,1991.357142857143
Icon Esports,2.357142857142857,0.5,0.5714285714285714,4.642857142857143,1861.0714285714287
Icon Esports (Mexican Team),1.6666666666666667,0.0,0.6666666666666666,5.333333333333333,1968.6666666666667
Inside Games,1.3333333333333333,0.16666666666666666,0.16666666666666666,3.8333333333333335,1464.6666666666667
Invictus Gaming,2.6542056074766354,0.4953271028037383,0.7009345794392523,6.429906542056075,2025.7570093457944
Isurus,1.75,0.5,0.375,5.0,1747.5
Isurus Estral,2.263157894736842,0.631578947368421,0.42105263157894735,6.2894736842105265,1961.4736842105262
IziDream,2.282608695652174,0.5434782608695652,0.6956521739130435,6.456521739130435,1952.5869565217392
JD Gaming,2.046728971962617,0.5981308411214953,0.5233644859813084,6.457943925233645,1951.5794392523364
JY Gaming,1.0,0.0,0.5,2.0,1936.5
Joblife,2.441860465116279,0.3953488372093023,0.5581395348837209,4.906976744186046,2035.3720930232557
Jolly Rogers,2.8181818181818183,0.6363636363636364,0.5454545454545454,5.909090909090909,1973.090909090909
Jörmungang,2.0526315789473686,0.39473684210526316,0.5,5.921052631578948,1915.0263157894738
KAOS e-sport,1.6176470588235294,0.3235294117647059,0.29411764705882354,4.117647058823529,1823.1470588235295
KIA.eSuba Academy,1.9558823529411764,0.5735294117647058,0.6029411764705882,6.867647058823529,1903.8235294117646
KT Rolster,2.5,0.4444444444444444,0.5,5.111111111111111,1912.3666666666666
KT Rolster Academy,2.6621621621621623,0.581081081081081,0.5,7.22972972972973,1849.5675675675675
KT Rolster Challengers,2.8541666666666665,0.5625,0.53125,7.53125,1897.90625
KaBuM! Ilha das Lendas,1.868421052631579,0.3684210526315789,0.5789473684210527,6.657894736842105,1956.2368421052631
Kareha Children,2.2093023255813953,0.5116279069767442,0.3023255813953488,5.209302325581396,1944.0
Karmine Corp,2.752688172043011,0.4838709677419355,0.6666666666666666,7.021505376344086,1978.5483870967741
Karmine Corp Blue,2.8372093023255816,0.5697674418604651,0.8372093023255814,7.6976744186046515,1971.6162790697674
Karmine Corp Blue Stars,1.7222222222222223,0.5277777777777778,0.3888888888888889,4.888888888888889,1948.0833333333333
Kaufland Hangry Knights,2.1866666666666665,0.56,0.49333333333333335,6.573333333333333,1900.4933333333333
Kawaii Kiwis,2.5714285714285716,0.6,0.6,7.428571428571429,2106.9142857142856
Keypulse Esports,2.3846153846153846,0.3076923076923077,0.5384615384615384,5.769230769230769,1936.3076923076924
Kiedyś Miałem Fun,2.1153846153846154,0.6923076923076923,0.6538461538461539,8.0,1968.8846153846155
KrabbelGruppeAlpha,1.0,0.0,0.0,0.0,1636.5
Kyo eSports,2.4285714285714284,0.14285714285714285,0.42857142857142855,5.0,1827.4285714285713
LGD Gaming,2.1346153846153846,0.4230769230769231,0.46153846153846156,5.288461538461538,1952.3461538461538
LGD Gaming Young Team,2.5555555555555554,0.7777777777777778,0.5555555555555556,6.777777777777778,1883.7777777777778
LNG Academy,1.5,0.6,0.5,6.9,1676.6
LNG Esports,1.75,0.5,0.3409090909090909,4.454545454545454,1968.0681818181818
LODIS,2.28125,0.1875,0.5625,4.46875,2112.5625
LOUD,2.3043478260869565,0.5869565217391305,0.5869565217391305,6.065217391304348,2015.7608695652175
LUA Gaming,2.090909090909091,0.5681818181818182,0.5454545454545454,6.113636363636363,1945.1818181818182
LYON,2.3448275862068964,0.3448275862068966,0.3793103448275862,5.620689655172414,2001.1379310344828
LYON Academy,2.0,0.68,0.8,6.28,1998.96
Lechuga Gaming,2.5833333333333335,0.75,0.6666666666666666,7.75,1843.6666666666667
Lenovo Legion Honvéd,2.5714285714285716,0.42857142857142855,0.42857142857142855,5.5,1893.2142857142858
Leviatan,1.3548387096774193,0.4838709677419355,0.45161290322580644,4.419354838709677,1968.774193548387
Leões Porto Salvo Esports,1.7142857142857142,0.5714285714285714,0.42857142857142855,4.571428571428571,1910.0
Ligre Gaming,2.4,0.2,0.2,2.8,1649.0
Lille Esport,2.4857142857142858,0.22857142857142856,0.5142857142857142,5.514285714285714,1928.4
LittleSans,3.0,0.6,1.0,8.6,2130.4
Los Grandes,2.7027027027027026,0.5135135135135135,0.7837837837837838,6.594594594594595,2047.4324324324325
Los Heretics,2.475,0.675,0.7,7.4375,1911.3875
Los Ratones,2.975609756097561,0.4634146341463415,0.7560975609756098,8.463414634146341,1893.0243902439024
Luminosity Gaming,3.1666666666666665,0.6666666666666666,0.8095238095238095,8.142857142857142,1977.4285714285713
Lundqvist Lightside,2.2,0.34285714285714286,0.37142857142857144,5.314285714285714,1849.0285714285715
Lupus Esports,1.2,0.36,0.2,3.4,1717.32
MGN Vikings Academy,2.5652173913043477,0.391304347826087,0.6521739130434783,5.869565217391305,1889.1304347826087
MGN Vikings Esports,2.5238095238095237,0.5079365079365079,0.6190476190476191,6.444444444444445,1957.0
MY STAR,1.8823529411764706,0.47058823529411764,0.47058823529411764,5.029411764705882,1942.1764705882354
Macko Esports,2.0,0.47368421052631576,0.631578947368421,8.526315789473685,1862.578947368421
Magaza Esports,1.9166666666666667,0.4166666666666667,0.16666666666666666,4.666666666666667,1827.0833333333333
Malvinas Gaming,1.95,0.45,0.5,5.5,1959.55
Maze Gaming,2.6666666666666665,0.4166666666666667,0.5277777777777778,6.777777777777778,1933.0
Meavedron,2.375,0.5,0.4722222222222222,6.555555555555555,1861.9305555555557
Melilla Titans,1.0,0.0,0.0,2.5,1882.5
Mental Over Tempo,2.5,0.3,0.4,5.7,1795.0
Metin2 Enjoyers,1.5,0.0,0.0,0.0,1539.5
Mighty Eagles,2.0,0.625,0.25,6.25,2050.75
Mila Gaming,2.25,0.375,0.5,5.3125,1790.625
Misa Esports,2.2205882352941178,0.5882352941176471,0.6029411764705882,7.102941176470588,1898.4264705882354
Monta Club,2.0294117647058822,0.5,0.6176470588235294,6.411764705882353,2125.6470588235293
Movistar KOI,2.4177215189873418,0.5949367088607594,0.620253164556962,6.189873417721519,2008.1772151898733
Movistar KOI Fénix,1.930232558139535,0.5581395348837209,0.5813953488372093,6.162790697674419,1997.2093023255813
Myth Esports,2.3043478260869565,0.5217391304347826,0.391304347826087,5.673913043478261,1876.1521739130435
Münster Esports - Golden Goats,0.0,0.0,0.0,0.0,1360.5
NGU eSports,2.6666666666666665,0.6666666666666666,0.3333333333333333,8.666666666666666,1868.3333333333333
NORD Esports,2.357142857142857,0.5892857142857143,0.5714285714285714,7.035714285714286,1918.4285714285713
NORTHS FURY,1.6,0.4,0.2,3.0,1497.8
Natus Vincere,0.0,0.5,0.0,1.5,1615.5
Near Airport,2.8947368421052633,0.5263157894736842,0.6842105263157895,7.447368421052632,2036.7105263157894
Never Give Up,2.076923076923077,0.38461538461538464,0.4230769230769231,5.038461538461538,1890.076923076923
Nice Try,2.111111111111111,0.5555555555555556,0.4444444444444444,5.777777777777778,1795.3333333333333
Night Cap,2.3333333333333335,0.5,0.5,5.166666666666667,2078.5833333333335
Nightbirds,2.5,0.6060606060606061,0.696969696969697,8.348484848484848,1899.8939393939395
Nigma Galaxy,1.5517241379310345,0.10344827586206896,0.1724137931034483,3.2413793103448274,1836.8620689655172
Ninjas in Pyjamas,2.1770833333333335,0.4791666666666667,0.6666666666666666,5.53125,1975.40625
No Barry Berry,2.0,0.8,0.0,5.2,1989.8
Nocturne Gale,3.1666666666666665,0.5555555555555556,0.8333333333333334,8.5,1954.361111111111
Nongshim Esports Academy,2.164705882352941,0.5176470588235295,0.5176470588235295,5.705882352941177,1954.4470588235295
Nongshim RedForce,1.7083333333333333,0.4895833333333333,0.6145833333333334,5.760416666666667,1879.5104166666667
Nongshim RedForce Academy,1.7735849056603774,0.3018867924528302,0.32075471698113206,4.018867924528302,1792.2830188679245
ODD Esports,2.0,0.21212121212121213,0.36363636363636365,4.424242424242424,1889.3636363636363
OKSavingsBank BRION,2.0759493670886076,0.569620253164557,0.34177215189873417,4.8734177215189876,1960.746835443038
OKSavingsBank BRION Challengers,1.8045977011494252,0.2988505747126437,0.5172413793103449,4.988505747126437,1942.3793103448277
Odivelas Sports Club,2.1785714285714284,0.6071428571428571,0.5357142857142857,6.071428571428571,1896.142857142857
Oh My God,1.6875,0.375,0.46875,4.15625,1935.6875
Oh My God Academy,2.2857142857142856,0.8571428571428571,0.14285714285714285,6.857142857142857,1660.857142857143
Once Upon A Team,2.1578947368421053,0.5526315789473685,0.42105263157894735,5.526315789473684,1928.1842105263158
One More Esports,2.1846153846153844,0.38461538461538464,0.5230769230769231,5.123076923076923,1920.6153846153845
Orbit Anonymo Esports,2.106382978723404,0.40425531914893614,0.40425531914893614,4.148936170212766,1975.063829787234
Orzeł Barcząca Esports,1.6,0.2,0.4,3.6,1831.0
Otter Side,3.5,0.5,1.0,10.0,1672.0
Oxygen Gaming,2.658536585365854,0.5365853658536586,0.7073170731707317,7.609756097560975,2111.4634146341464
PRINCIPALITY,1.6,0.1,0.5,3.7,1947.2
PSG Talon,2.183098591549296,0.5070422535211268,0.647887323943662,6.464788732394366,1951.2112676056338
PSG Talon Academy,2.1636363636363636,0.5272727272727272,0.4727272727272727,6.036363636363636,1851.9818181818182
PaiDA Miwan Bao,1.0,0.0,0.0,2.0,1737.0
Papara SuperMassive,2.316666666666667,0.55,0.6166666666666667,6.033333333333333,1987.7833333333333
Papo Secos,1.5,0.0,0.5,4.0,1744.0
Paputs Gaming,0.4,0.0,0.0,1.2,1569.2
Partizan Esports,2.3333333333333335,0.4444444444444444,0.8888888888888888,7.111111111111111,1944.2222222222222
Partizan Sangal,2.7045454545454546,0.5681818181818182,0.5227272727272727,7.136363636363637,1825.5681818181818
Permitta eSports,1.2,0.4,0.2,3.8,1834.2
Priority,1.9090909090909092,0.45454545454545453,0.45454545454545453,4.454545454545454,1995.0
Project Conquerors,2.5762711864406778,0.3389830508474576,0.6949152542372882,6.796610169491525,1996.1525423728813
Pulse Star,1.59375,0.4375,0.34375,3.96875,1812.71875
PÊEK Gaming,2.5652173913043477,0.391304347826087,0.6086956521739131,6.434782608695652,2133.086956521739
QT DIG∞,2.3962264150943398,0.7169811320754716,0.41509433962264153,7.584905660377358,1726.622641509434
RATZ,2.0344827586206895,0.4482758620689655,0.6206896551724138,5.793103448275862,2092.137931034483
RED Academy,2.891891891891892,0.6756756756756757,0.7567567567567568,7.8108108108108105,1926.2432432432433
RED Canids,2.7222222222222223,0.4444444444444444,0.5555555555555556,6.972222222222222,2026.638888888889
REDPack Esports,1.2,0.2,0.2,2.6,1539.2
REJECT,2.517857142857143,0.6428571428571429,0.6785714285714286,8.625,1746.5892857142858
ROSSMANN Centaurs,2.6103896103896105,0.4935064935064935,0.5064935064935064,6.779220779220779,1955.5584415584415
Radical Pop Gaming,1.0454545454545454,0.09090909090909091,0.13636363636363635,1.6818181818181819,1695.5
Rage Bait e-Sports,3.0,1.0,1.0,6.5,2133.5
Ramboot Club,2.272727272727273,0.5681818181818182,0.4318181818181818,5.863636363636363,1945.5454545454545
Rich Gang,2.3333333333333335,0.5,0.5,6.6,1882.6
Rise Gaming,2.3225806451612905,0.3548387096774194,0.45161290322580644,4.806451612903226,2081.3225806451615
Rogue,2.3448275862068964,0.41379310344827586,0.5517241379310345,4.793103448275862,2108.3793103448274
Royal Never Give Up,1.8387096774193548,0.22580645161290322,0.3548387096774194,4.483870967741935,2021.3548387096773
Ruddy Esports,1.9230769230769231,0.46153846153846156,0.3333333333333333,5.461538461538462,1874.2820512820513
SDM Tigres,1.875,0.5416666666666666,0.4166666666666667,6.083333333333333,1841.375
SINS Esports,3.0,0.75,0.625,8.125,1919.625
SK Gaming,1.71875,0.3125,0.21875,3.84375,1895.90625
SK Gaming Avarosa,0.0,0.0,0.0,1.0,1497.5
SN CyberCore Esports,1.6428571428571428,0.39285714285714285,0.39285714285714285,4.142857142857143,1816.7857142857142
SPIKE Syndicate,2.28,0.6,0.64,6.86,1925.24
Saigon Dino,2.9148936170212765,0.6382978723404256,0.6808510638297872,7.127659574468085,1959.0425531914893
Saigon Secret,2.027027027027027,0.4864864864864865,0.40540540540540543,5.648648648648648,1846.1351351351352
Senshi eSports,2.5641025641025643,0.41025641025641024,0.7948717948717948,6.487179487179487,1992.3333333333333
Seven Dark,1.5238095238095237,0.2857142857142857,0.38095238095238093,4.0476190476190474,1865.7142857142858
Shopify Rebellion,2.217391304347826,0.5217391304347826,0.5434782608695652,5.304347826086956,2129.782608695652
Sicar Esports,2.72,0.56,0.76,7.4,2015.12
Silent Storm Esports,2.2,0.4,0.3,4.3,1715.8
Skillcamp,1.6666666666666667,0.3333333333333333,0.2222222222222222,3.611111111111111,1864.25
Solary,2.5283018867924527,0.41509433962264153,0.5660377358490566,6.037735849056604,2135.0377358490564
Soul's Heart Esport,2.0,0.6,0.2,5.0,1728.8
Spirit Quartz Gaming,2.0,0.38235294117647056,0.6470588235294118,5.5588235294117645,2004.264705882353
Sponge Gaming,2.0,0.7,0.4,5.5,1883.1
Sportia Khore,3.0,1.0,0.5,2.5,1960.5
Stellae Gaming,1.8478260869565217,0.4782608695652174,0.717391304347826,6.391304347826087,1912.1739130434783
StormMedia Fajnie Mieć Skład,2.63265306122449,0.46938775510204084,0.5510204081632653,7.428571428571429,1926.7755102040817
Str1ve eSports,0.5,0.0,0.0,1.5,1576.5
Supernova,1.878787878787879,0.45454545454545453,0.45454545454545453,5.9393939393939394,1901.030303030303
T1,2.3675213675213675,0.4700854700854701,0.6495726495726496,6.794871794871795,1911.6239316239316
T1 Esports Academy,2.205607476635514,0.4392523364485981,0.6355140186915887,6.897196261682243,1936.7757009345794
T1 Esports Academy Rookies,2.590909090909091,0.5757575757575758,0.6060606060606061,7.5,1839.8181818181818
Tan'i eSports CZ,2.3541666666666665,0.625,0.4166666666666667,6.083333333333333,1960.7916666666667
Team BDS,2.4047619047619047,0.5952380952380952,0.7142857142857143,5.880952380952381,2127.7619047619046
Team BDS Academy,1.6551724137931034,0.41379310344827586,0.3448275862068966,4.655172413793103,1943.4137931034484
Team Blaze 1,0.5,0.0,0.0,0.0,1435.5
Team Evermeet,2.0,0.5454545454545454,0.2727272727272727,4.954545454545454,1911.0
Team Flash,2.375,0.6,0.575,6.55,1923.225
Team Heretics,2.0454545454545454,0.4318181818181818,0.36363636363636365,4.5,1983.9318181818182
Team High Ground,3.0,1.0,1.0,7.0,2008.0
Team Insidious,2.375,0.5625,0.4791666666666667,5.770833333333333,1906.2291666666667
Team Liquid,2.433333333333333,0.5166666666666667,0.6333333333333333,6.3,1965.5333333333333
Team Meliora,1.6666666666666667,0.16666666666666666,0.0,3.0,1731.6666666666667
Team Mentality,2.2,0.0,0.4,4.8,1837.6
Team Paradox,1.763157894736842,0.3684210526315789,0.39473684210526316,5.815789473684211,1933.157894736842
Team Phantasma,2.691358024691358,0.5925925925925926,0.7160493827160493,7.864197530864198,1918.6296296296296
Team Refuse,1.7777777777777777,0.3888888888888889,0.4444444444444444,4.222222222222222,1898.7222222222222
Team Revolta,1.0,0.0,0.0,4.0,1743.0
Team Secret Whales,2.608695652173913,0.5869565217391305,0.3695652173913043,5.891304347826087,1951.7391304347825
Team Tockers,0.0,1.0,1.0,10.0,1743.0
Team UNiTY,2.28,0.38,0.62,6.44,1943.16
Team Valiant,2.5217391304347827,0.717391304347826,0.6521739130434783,7.434782608695652,1874.108695652174
Team Vitality,2.054054054054054,0.3783783783783784,0.4864864864864865,5.783783783783784,2052.0810810810813
Team WE,2.1379310344827585,0.41379310344827586,0.5086206896551724,5.060344827586207,1921.9913793103449
Team WE Academy,3.142857142857143,0.5714285714285714,0.8571428571428571,7.857142857142857,2131.4285714285716
TeamOrangeGaming,2.064516129032258,0.6935483870967742,0.5161290322580645,6.225806451612903,1844.967741935484
TeamOrangeGaming Academy,2.0,0.42857142857142855,0.2857142857142857,5.571428571428571,1770.0
Temper &amp; Friends,3.3333333333333335,0.6666666666666666,0.0,8.666666666666666,1868.3333333333333
The Forbidden Five,1.3333333333333333,0.2222222222222222,0.0,1.6666666666666667,1821.4444444444443
The Secret Club,1.7647058823529411,0.29411764705882354,0.17647058823529413,3.823529411764706,1743.4705882352941
ThunderTalk Gaming,1.8617021276595744,0.5851063829787234,0.3723404255319149,4.723404255319149,1876.8191489361702
ThunderTalk Gaming Young,1.4285714285714286,0.5714285714285714,0.14285714285714285,4.0,1713.5714285714287
Tigers eSports,1.8333333333333333,0.16666666666666666,0.16666666666666666,2.5,1849.1666666666667
Top Esports,2.2109375,0.4453125,0.5859375,6.734375,1947.40625
Top Esports Challenger,1.75,0.625,0.375,6.375,1664.875
UCAM Esports,1.9090909090909092,0.45454545454545453,0.4772727272727273,6.204545454545454,1961.3181818181818
ULF Esports,2.1451612903225805,0.45161290322580644,0.5483870967741935,5.951612903225806,1903.983870967742
Ultra Prime,2.2096774193548385,0.5806451612903226,0.5483870967741935,4.951612903225806,1964.4193548387098
Underworld Esports,2.4375,0.5625,0.75,6.0625,1934.8125
Unicorns of Love Sexy Edition,2.253968253968254,0.4444444444444444,0.6349206349206349,6.984126984126984,1969.6825396825398
Universae Instituto FP,2.28125,0.46875,0.34375,5.90625,1862.0625
V3 Esports,1.8076923076923077,0.19230769230769232,0.15384615384615385,4.653846153846154,1794.423076923077
VARREL YOUTH,2.0784313725490198,0.6078431372549019,0.45098039215686275,6.450980392156863,1857.7450980392157
VININE,2.0,0.3333333333333333,0.6666666666666666,4.0,2071.6666666666665
Vancouver Impact,1.3333333333333333,0.5555555555555556,0.3333333333333333,2.7777777777777777,1859.0
VeLocitY (Japanese Team),1.5555555555555556,0.2222222222222222,0.4444444444444444,3.0,1884.6666666666667
VelbeliKaizokudan,1.4210526315789473,0.39473684210526316,0.2894736842105263,4.2631578947368425,1892.4736842105262
Veni Vidi Vici,2.5714285714285716,0.3469387755102041,0.5510204081632653,6.163265306122449,1873.7755102040817
Venomcrest Esports,1.7741935483870968,0.45161290322580644,0.3548387096774194,4.516129032258065,1885.774193548387
Venus Gaming,1.6666666666666667,0.5,0.6666666666666666,7.166666666666667,1824.6666666666667
Verdant,2.625,0.6875,0.625,6.770833333333333,1959.0833333333333
VfB eSports,2.0,0.6666666666666666,0.3333333333333333,6.0,1893.0
Vitality.Bee,2.418181818181818,0.4727272727272727,0.7454545454545455,6.381818181818182,2094.327272727273
Vivo Keyd Stars,2.292682926829268,0.43902439024390244,0.5853658536585366,5.926829268292683,1960.1707317073171
Vivo Keyd Stars Academy,2.642857142857143,0.6428571428571429,0.7142857142857143,7.285714285714286,1940.2857142857142
Void Requiem,1.3333333333333333,0.0,1.0,3.0,1668.6666666666667
Vortex (Japanese Team),1.9411764705882353,0.4117647058823529,0.5882352941176471,5.117647058823529,1885.4705882352941
WAP Esports,2.1875,0.375,0.53125,5.59375,1974.84375
WLGaming Esports,2.1621621621621623,0.4864864864864865,0.43243243243243246,6.108108108108108,1998.972972972973
We Can Win,2.1818181818181817,0.6363636363636364,0.6363636363636364,6.818181818181818,1810.6363636363637
Weibo Gaming,2.2616822429906542,0.5420560747663551,0.4953271028037383,5.785046728971962,1981.6915887850466
Weibo Gaming Youth Team,2.090909090909091,0.2727272727272727,0.36363636363636365,5.2727272727272725,1816.6363636363637
West Point Esports,1.8271604938271604,0.6049382716049383,0.5555555555555556,6.814814814814815,1833.4074074074074
White Dragons,2.0,0.7142857142857143,0.42857142857142855,6.285714285714286,1654.857142857143
Winthrop University,2.1818181818181817,0.5227272727272727,0.5681818181818182,5.5227272727272725,2028.0
XV eSports,2.2222222222222223,0.6666666666666666,0.2222222222222222,5.444444444444445,1813.111111111111
Xibalbá Esports,1.6,0.6,0.2,3.4,1820.0
Yang Yang Gaming,2.2857142857142856,0.5178571428571429,0.5892857142857143,6.464285714285714,1816.3214285714287
ZETA,1.7037037037037037,0.3333333333333333,0.1111111111111111,3.4074074074074074,1744.7777777777778
ZGDX Gaming,2.1,0.4,0.8,4.7,1926.9
Zena Esports,2.1538461538461537,0.46153846153846156,0.46153846153846156,5.487179487179487,1867.7692307692307
ZennIT,2.4923076923076923,0.47692307692307695,0.6,7.123076923076923,1907.2923076923078
Zerance,1.9268292682926829,0.4878048780487805,0.34146341463414637,4.7073170731707314,1901.439024390244
Zero Tenacity,1.6835443037974684,0.6582278481012658,0.569620253164557,7.341772151898734,1872.3417721518988
ZeroZone Gaming,1.1818181818181819,0.09090909090909091,0.2727272727272727,3.3636363636363638,1951.909090909091
Zerolag Esports,2.3333333333333335,0.38461538461538464,0.41025641025641024,4.461538461538462,1852.5897435897436
Zeu5 Esports,2.3055555555555554,0.3333333333333333,0.3888888888888889,6.75,1856.111111111111
aNc Legends,1.875,0.4166666666666667,0.4583333333333333,4.583333333333333,1907.8333333333333
devils.one,1.8,0.5333333333333333,0.4,4.2,2015.7333333333333
e-Champ Gaming,2.111111111111111,0.2222222222222222,0.4444444444444444,5.222222222222222,2024.6666666666667
eQuizers,2.7058823529411766,0.47058823529411764,1.0,7.176470588235294,2110.705882352941
eSports Cologne e.V.,1.0,0.5,0.0,3.0,1927.5
eSuba,2.2054794520547945,0.7397260273972602,0.5342465753424658,6.684931506849315,1836.3287671232877
evil genius (RTV Team),2.142857142857143,0.7142857142857143,0.2857142857142857,4.428571428571429,1874.0
htp eSport Akademie Hannover,2.25,0.0,0.5,5.0,1651.25
inf,2.5172413793103448,0.6551724137931034,0.5862068965517241,6.931034482758621,1963.0
mCon esports,2.6785714285714284,0.5892857142857143,0.6607142857142857,7.517857142857143,1907.625
paiN Gaming,2.8125,0.4375,0.7708333333333334,6.5625,2061.5
regnum4games,3.3333333333333335,0.6666666666666666,1.0,8.0,2101.3333333333335
wangting,2.0344827586206895,0.5,0.4482758620689655,5.620689655172414,1796.655172413793
ΣΤΕΝΑΧΩΡΕΜΕΝΟΙ,2.0,0.0,0.25,3.75,1917.5
